leaf_id,parent_id,x,y,z,P,Sw,Sg
0,0,25,25,25,200,0.2,0.05
1,1,75,25,25,200,0.2,0.05
2,2,112.5,12.5,12.5,200,0.2,0.05
3,2,137.5,12.5,12.5,200,0.2,0.05
4,2,112.5,37.5,12.5,200,0.2,0.05
5,2,137.5,37.5,12.5,200,0.2,0.05
6,2,112.5,12.5,37.5,200,0.2,0.05
7,2,137.5,12.5,37.5,200,0.2,0.05
8,2,112.5,37.5,37.5,200,0.2,0.05
9,2,137.5,37.5,37.5,200,0.2,0.05
10,3,162.5,12.5,12.5,200,0.2,0.05
11,3,187.5,12.5,12.5,200,0.2,0.05
12,3,162.5,37.5,12.5,200,0.2,0.05
13,3,187.5,37.5,12.5,200,0.2,0.05
14,3,162.5,12.5,37.5,200,0.2,0.05
15,3,187.5,12.5,37.5,200,0.2,0.05
16,3,162.5,37.5,37.5,200,0.2,0.05
17,3,187.5,37.5,37.5,200,0.2,0.05
18,4,225,25,25,200,0.2,0.05
19,5,262.5,12.5,12.5,200,0.2,0.05
20,5,287.5,12.5,12.5,200,0.2,0.05
21,5,262.5,37.5,12.5,200,0.2,0.05
22,5,287.5,37.5,12.5,200,0.2,0.05
23,5,262.5,12.5,37.5,200,0.2,0.05
24,5,287.5,12.5,37.5,200,0.2,0.05
25,5,262.5,37.5,37.5,200,0.2,0.05
26,5,287.5,37.5,37.5,200,0.2,0.05
27,6,312.5,12.5,12.5,200,0.2,0.05
28,6,337.5,12.5,12.5,200,0.2,0.05
29,6,312.5,37.5,12.5,200,0.2,0.05
30,6,337.5,37.5,12.5,200,0.2,0.05
31,6,312.5,12.5,37.5,200,0.2,0.05
32,6,337.5,12.5,37.5,200,0.2,0.05
33,6,312.5,37.5,37.5,200,0.2,0.05
34,6,337.5,37.5,37.5,200,0.2,0.05
35,7,362.5,12.5,12.5,200,0.2,0.05
36,7,387.5,12.5,12.5,200,0.2,0.05
37,7,362.5,37.5,12.5,200,0.2,0.05
38,7,387.5,37.5,12.5,200,0.2,0.05
39,7,362.5,12.5,37.5,200,0.2,0.05
40,7,387.5,12.5,37.5,200,0.2,0.05
41,7,362.5,37.5,37.5,200,0.2,0.05
42,7,387.5,37.5,37.5,200,0.2,0.05
43,8,425,25,25,200,0.2,0.05
44,9,475,25,25,200,0.2,0.05
45,10,525,25,25,200,0.2,0.05
46,11,575,25,25,200,0.2,0.05
47,12,625,25,25,200,0.2,0.05
48,13,675,25,25,200,0.2,0.05
49,14,725,25,25,200,0.2,0.05
50,15,775,25,25,200,0.2,0.05
51,16,825,25,25,200,0.2,0.05
52,17,875,25,25,200,0.2,0.05
53,18,925,25,25,200,0.2,0.05
54,19,975,25,25,200,0.2,0.05
55,20,25,75,25,200,0.2,0.05
56,21,75,75,25,200,0.2,0.05
57,22,112.5,62.5,12.5,200,0.2,0.05
58,22,137.5,62.5,12.5,200,0.2,0.05
59,22,112.5,87.5,12.5,200,0.2,0.05
60,22,137.5,87.5,12.5,200,0.2,0.05
61,22,112.5,62.5,37.5,200,0.2,0.05
62,22,137.5,62.5,37.5,200,0.2,0.05
63,22,112.5,87.5,37.5,200,0.2,0.05
64,22,137.5,87.5,37.5,200,0.2,0.05
65,23,162.5,62.5,12.5,200,0.2,0.05
66,23,187.5,62.5,12.5,200,0.2,0.05
67,23,162.5,87.5,12.5,200,0.2,0.05
68,23,187.5,87.5,12.5,200,0.2,0.05
69,23,162.5,62.5,37.5,200,0.2,0.05
70,23,187.5,62.5,37.5,200,0.2,0.05
71,23,162.5,87.5,37.5,200,0.2,0.05
72,23,187.5,87.5,37.5,200,0.2,0.05
73,24,212.5,62.5,12.5,200,0.2,0.05
74,24,237.5,62.5,12.5,200,0.2,0.05
75,24,212.5,87.5,12.5,200,0.2,0.05
76,24,237.5,87.5,12.5,200,0.2,0.05
77,24,212.5,62.5,37.5,200,0.2,0.05
78,24,237.5,62.5,37.5,200,0.2,0.05
79,24,212.5,87.5,37.5,200,0.2,0.05
80,24,237.5,87.5,37.5,200,0.2,0.05
81,25,262.5,62.5,12.5,200,0.2,0.05
82,25,287.5,62.5,12.5,200,0.2,0.05
83,25,262.5,87.5,12.5,200,0.2,0.05
84,25,287.5,87.5,12.5,200,0.2,0.05
85,25,262.5,62.5,37.5,200,0.2,0.05
86,25,287.5,62.5,37.5,200,0.2,0.05
87,25,262.5,87.5,37.5,200,0.2,0.05
88,25,287.5,87.5,37.5,200,0.2,0.05
89,26,312.5,62.5,12.5,200,0.2,0.05
90,26,337.5,62.5,12.5,200,0.2,0.05
91,26,312.5,87.5,12.5,200,0.2,0.05
92,26,337.5,87.5,12.5,200,0.2,0.05
93,26,312.5,62.5,37.5,200,0.2,0.05
94,26,337.5,62.5,37.5,200,0.2,0.05
95,26,312.5,87.5,37.5,200,0.2,0.05
96,26,337.5,87.5,37.5,199.999,0.2,0.05
97,27,362.5,62.5,12.5,200,0.2,0.05
98,27,387.5,62.5,12.5,200,0.2,0.05
99,27,362.5,87.5,12.5,199.998,0.2,0.0500001
100,27,387.5,87.5,12.5,199.994,0.2,0.0500003
101,27,362.5,62.5,37.5,200,0.2,0.05
102,27,387.5,62.5,37.5,199.999,0.2,0.0500001
103,27,362.5,87.5,37.5,199.993,0.2,0.0500003
104,27,387.5,87.5,37.5,199.976,0.2,0.0500012
105,28,412.5,62.5,12.5,200,0.2,0.05
106,28,437.5,62.5,12.5,200,0.2,0.05
107,28,412.5,87.5,12.5,199.998,0.2,0.0500001
108,28,437.5,87.5,12.5,199.999,0.2,0.05
109,28,412.5,62.5,37.5,199.999,0.2,0.05
110,28,437.5,62.5,37.5,199.999,0.2,0.05
111,28,412.5,87.5,37.5,199.989,0.2,0.0500005
112,28,437.5,87.5,37.5,199.991,0.2,0.0500005
113,29,475,75,25,199.998,0.2,0.0500001
114,30,512.5,62.5,12.5,199.997,0.2,0.0500001
115,30,537.5,62.5,12.5,199.998,0.2,0.0500001
116,30,512.5,87.5,12.5,199.967,0.2,0.0500017
117,30,537.5,87.5,12.5,199.967,0.2,0.0500016
118,30,512.5,62.5,37.5,199.997,0.2,0.0500002
119,30,537.5,62.5,37.5,199.997,0.2,0.0500001
120,30,512.5,87.5,37.5,199.967,0.2,0.0500016
121,30,537.5,87.5,37.5,199.968,0.2,0.0500016
122,31,562.5,62.5,12.5,199.999,0.2,0.05
123,31,587.5,62.5,12.5,199.999,0.2,0.05
124,31,562.5,87.5,12.5,199.995,0.2,0.0500003
125,31,587.5,87.5,12.5,199.996,0.2,0.0500002
126,31,562.5,62.5,37.5,199.999,0.2,0.05
127,31,587.5,62.5,37.5,199.998,0.2,0.0500001
128,31,562.5,87.5,37.5,199.992,0.2,0.0500004
129,31,587.5,87.5,37.5,199.983,0.2,0.0500009
130,32,625,75,25,199.993,0.2,0.0500003
131,33,662.5,62.5,12.5,200,0.2,0.05
132,33,687.5,62.5,12.5,200,0.2,0.05
133,33,662.5,87.5,12.5,199.999,0.2,0.05
134,33,687.5,87.5,12.5,200,0.2,0.05
135,33,662.5,62.5,37.5,200,0.2,0.05
136,33,687.5,62.5,37.5,200,0.2,0.05
137,33,662.5,87.5,37.5,199.999,0.2,0.0500001
138,33,687.5,87.5,37.5,200,0.2,0.05
139,34,725,75,25,200,0.2,0.05
140,35,775,75,25,200,0.2,0.05
141,36,825,75,25,200,0.2,0.05
142,37,875,75,25,200,0.2,0.05
143,38,925,75,25,200,0.2,0.05
144,39,975,75,25,200,0.2,0.05
145,40,25,125,25,200,0.2,0.05
146,41,62.5,112.5,12.5,200,0.2,0.05
147,41,87.5,112.5,12.5,200,0.2,0.05
148,41,62.5,137.5,12.5,200,0.2,0.05
149,41,87.5,137.5,12.5,200,0.2,0.05
150,41,62.5,112.5,37.5,200,0.2,0.05
151,41,87.5,112.5,37.5,200,0.2,0.05
152,41,62.5,137.5,37.5,200,0.2,0.05
153,41,87.5,137.5,37.5,200,0.2,0.05
154,42,112.5,112.5,12.5,200,0.2,0.05
155,42,137.5,112.5,12.5,200,0.2,0.05
156,42,112.5,137.5,12.5,200,0.2,0.05
157,42,137.5,137.5,12.5,200,0.2,0.05
158,42,112.5,112.5,37.5,200,0.2,0.05
159,42,137.5,112.5,37.5,200,0.2,0.05
160,42,112.5,137.5,37.5,200,0.2,0.05
161,42,137.5,137.5,37.5,200,0.2,0.05
162,43,162.5,112.5,12.5,200,0.2,0.05
163,43,187.5,112.5,12.5,200,0.2,0.05
164,43,162.5,137.5,12.5,200,0.2,0.05
165,43,187.5,137.5,12.5,200,0.2,0.05
166,43,162.5,112.5,37.5,200,0.2,0.05
167,43,187.5,112.5,37.5,200,0.2,0.05
168,43,162.5,137.5,37.5,200,0.2,0.05
169,43,187.5,137.5,37.5,200,0.2,0.05
170,44,212.5,112.5,12.5,200,0.2,0.05
171,44,237.5,112.5,12.5,200,0.2,0.05
172,44,212.5,137.5,12.5,200,0.2,0.05
173,44,237.5,137.5,12.5,200,0.2,0.05
174,44,212.5,112.5,37.5,200,0.2,0.05
175,44,237.5,112.5,37.5,200,0.2,0.05
176,44,212.5,137.5,37.5,200,0.2,0.05
177,44,237.5,137.5,37.5,200,0.2,0.05
178,45,262.5,112.5,12.5,200,0.2,0.05
179,45,287.5,112.5,12.5,200,0.2,0.05
180,45,262.5,137.5,12.5,200,0.2,0.05
181,45,287.5,137.5,12.5,200,0.2,0.05
182,45,262.5,112.5,37.5,200,0.2,0.05
183,45,287.5,112.5,37.5,200,0.2,0.05
184,45,262.5,137.5,37.5,200,0.2,0.05
185,45,287.5,137.5,37.5,200,0.2,0.05
186,46,312.5,112.5,12.5,200,0.2,0.05
187,46,337.5,112.5,12.5,199.997,0.2,0.0500001
188,46,312.5,137.5,12.5,199.998,0.2,0.0500001
189,46,337.5,137.5,12.5,199.976,0.2,0.0500012
190,46,312.5,112.5,37.5,199.999,0.2,0.0500001
191,46,337.5,112.5,37.5,199.989,0.2,0.0500005
192,46,312.5,137.5,37.5,199.994,0.2,0.0500003
193,46,337.5,137.5,37.5,199.929,0.2,0.0500035
194,47,362.5,112.5,12.5,199.981,0.2,0.050001
195,47,387.5,112.5,12.5,199.928,0.2,0.0500036
196,47,362.5,137.5,12.5,199.844,0.2,0.0500078
197,47,387.5,137.5,12.5,199.308,0.2,0.0500346
198,47,362.5,112.5,37.5,199.914,0.2,0.0500043
199,47,387.5,112.5,37.5,199.661,0.2,0.0500169
200,47,362.5,137.5,37.5,199.326,0.2,0.0500337
201,47,387.5,137.5,37.5,196.111,0.2,0.0501948
202,48,412.5,112.5,12.5,199.983,0.2,0.0500009
203,48,437.5,112.5,12.5,199.994,0.2,0.0500003
204,48,412.5,137.5,12.5,199.854,0.2,0.0500073
205,48,437.5,137.5,12.5,199.978,0.2,0.0500011
206,48,412.5,112.5,37.5,199.926,0.2,0.0500037
207,48,437.5,112.5,37.5,199.981,0.2,0.0500009
208,48,412.5,137.5,37.5,199.335,0.2,0.0500333
209,48,437.5,137.5,37.5,199.918,0.2,0.0500041
210,49,475,125,25,199.935,0.2,0.0500033
211,50,525,125,25,199.454,0.2,0.0500273
212,51,562.5,112.5,12.5,199.957,0.2,0.0500021
213,51,587.5,112.5,12.5,199.955,0.2,0.0500022
214,51,562.5,137.5,12.5,199.891,0.2,0.0500055
215,51,587.5,137.5,12.5,199.719,0.2,0.0500141
216,51,562.5,112.5,37.5,199.923,0.2,0.0500039
217,51,587.5,112.5,37.5,199.764,0.2,0.0500118
218,51,562.5,137.5,37.5,199.59,0.2,0.0500205
219,51,587.5,137.5,37.5,198.526,0.2,0.0500738
220,52,612.5,112.5,12.5,199.86,0.2,0.050007
221,52,637.5,112.5,12.5,199.964,0.2,0.0500018
222,52,612.5,137.5,12.5,199.036,0.2,0.0500482
223,52,637.5,137.5,12.5,199.722,0.2,0.0500139
224,52,612.5,112.5,37.5,199.409,0.2,0.0500296
225,52,637.5,112.5,37.5,199.86,0.2,0.050007
226,52,612.5,137.5,37.5,194.991,0.2,0.050251
227,52,637.5,137.5,37.5,199.083,0.2,0.0500459
228,53,662.5,112.5,12.5,199.996,0.2,0.0500002
229,53,687.5,112.5,12.5,199.999,0.2,0.05
230,53,662.5,137.5,12.5,199.973,0.2,0.0500013
231,53,687.5,137.5,12.5,199.993,0.2,0.0500003
232,53,662.5,112.5,37.5,199.986,0.2,0.0500007
233,53,687.5,112.5,37.5,199.998,0.2,0.0500001
234,53,662.5,137.5,37.5,199.929,0.2,0.0500035
235,53,687.5,137.5,37.5,199.99,0.2,0.0500005
236,54,725,125,25,200,0.2,0.05
237,55,775,125,25,200,0.2,0.05
238,56,812.5,112.5,12.5,200,0.2,0.05
239,56,837.5,112.5,12.5,200,0.2,0.05
240,56,812.5,137.5,12.5,200,0.2,0.05
241,56,837.5,137.5,12.5,200,0.2,0.05
242,56,812.5,112.5,37.5,200,0.2,0.05
243,56,837.5,112.5,37.5,200,0.2,0.05
244,56,812.5,137.5,37.5,200,0.2,0.05
245,56,837.5,137.5,37.5,200,0.2,0.05
246,57,862.5,112.5,12.5,200,0.2,0.05
247,57,887.5,112.5,12.5,200,0.2,0.05
248,57,862.5,137.5,12.5,200,0.2,0.05
249,57,887.5,137.5,12.5,200,0.2,0.05
250,57,862.5,112.5,37.5,200,0.2,0.05
251,57,887.5,112.5,37.5,200,0.2,0.05
252,57,862.5,137.5,37.5,200,0.2,0.05
253,57,887.5,137.5,37.5,200,0.2,0.05
254,58,925,125,25,200,0.2,0.05
255,59,962.5,112.5,12.5,200,0.2,0.05
256,59,987.5,112.5,12.5,200,0.2,0.05
257,59,962.5,137.5,12.5,200,0.2,0.05
258,59,987.5,137.5,12.5,200,0.2,0.05
259,59,962.5,112.5,37.5,200,0.2,0.05
260,59,987.5,112.5,37.5,200,0.2,0.05
261,59,962.5,137.5,37.5,200,0.2,0.05
262,59,987.5,137.5,37.5,200,0.2,0.05
263,60,25,175,25,200,0.2,0.05
264,61,62.5,162.5,12.5,200,0.2,0.05
265,61,87.5,162.5,12.5,200,0.2,0.05
266,61,62.5,187.5,12.5,200,0.2,0.05
267,61,87.5,187.5,12.5,200,0.2,0.05
268,61,62.5,162.5,37.5,200,0.2,0.05
269,61,87.5,162.5,37.5,200,0.2,0.05
270,61,62.5,187.5,37.5,200,0.2,0.05
271,61,87.5,187.5,37.5,200,0.2,0.05
272,62,112.5,162.5,12.5,200,0.2,0.05
273,62,137.5,162.5,12.5,200,0.2,0.05
274,62,112.5,187.5,12.5,200,0.2,0.05
275,62,137.5,187.5,12.5,200,0.2,0.05
276,62,112.5,162.5,37.5,200,0.2,0.05
277,62,137.5,162.5,37.5,200,0.2,0.05
278,62,112.5,187.5,37.5,200,0.2,0.05
279,62,137.5,187.5,37.5,200,0.2,0.05
280,63,162.5,162.5,12.5,200,0.2,0.05
281,63,187.5,162.5,12.5,200,0.2,0.05
282,63,162.5,187.5,12.5,200,0.2,0.05
283,63,187.5,187.5,12.5,200,0.2,0.05
284,63,162.5,162.5,37.5,200,0.2,0.05
285,63,187.5,162.5,37.5,200,0.2,0.05
286,63,162.5,187.5,37.5,200,0.2,0.05
287,63,187.5,187.5,37.5,200,0.2,0.05
288,64,212.5,162.5,12.5,200,0.2,0.05
289,64,237.5,162.5,12.5,200,0.2,0.05
290,64,212.5,187.5,12.5,200,0.2,0.05
291,64,237.5,187.5,12.5,200,0.2,0.05
292,64,212.5,162.5,37.5,200,0.2,0.05
293,64,237.5,162.5,37.5,200,0.2,0.05
294,64,212.5,187.5,37.5,200,0.2,0.05
295,64,237.5,187.5,37.5,200,0.2,0.05
296,65,262.5,162.5,12.5,200,0.2,0.05
297,65,287.5,162.5,12.5,199.999,0.2,0.05
298,65,262.5,187.5,12.5,200,0.2,0.05
299,65,287.5,187.5,12.5,199.999,0.2,0.0500001
300,65,262.5,162.5,37.5,200,0.2,0.05
301,65,287.5,162.5,37.5,199.998,0.2,0.0500001
302,65,262.5,187.5,37.5,200,0.2,0.05
303,65,287.5,187.5,37.5,199.997,0.2,0.0500002
304,66,312.5,162.5,12.5,199.992,0.2,0.0500004
305,66,337.5,162.5,12.5,199.902,0.2,0.0500049
306,66,312.5,187.5,12.5,199.985,0.2,0.0500007
307,66,337.5,187.5,12.5,199.896,0.2,0.0500052
308,66,312.5,162.5,37.5,199.968,0.2,0.0500016
309,66,337.5,162.5,37.5,199.623,0.2,0.0500188
310,66,312.5,187.5,37.5,199.959,0.2,0.0500021
311,66,337.5,187.5,37.5,199.569,0.2,0.0500216
312,67,362.5,162.5,12.5,199.261,0.2,0.050037
313,67,387.5,162.5,12.5,195.736,0.2,0.0502137
314,67,362.5,187.5,12.5,199.093,0.2,0.0500454
315,67,387.5,187.5,12.5,195.138,0.2,0.0502437
316,67,362.5,162.5,37.5,195.747,0.2,0.0502131
317,67,387.5,162.5,37.5,165.472,0.2,0.0517547
318,67,362.5,187.5,37.5,195.053,0.2,0.0502479
319,67,387.5,187.5,37.5,162.323,0.2,0.0519176
320,68,412.5,162.5,12.5,199.23,0.2,0.0500385
321,68,437.5,162.5,12.5,199.908,0.2,0.0500046
322,68,412.5,187.5,12.5,199.098,0.2,0.0500451
323,68,437.5,187.5,12.5,199.891,0.2,0.0500055
324,68,412.5,162.5,37.5,195.755,0.2,0.0502127
325,68,437.5,162.5,37.5,199.581,0.2,0.050021
326,68,412.5,187.5,37.5,195.117,0.2,0.0502447
327,68,437.5,187.5,37.5,199.503,0.2,0.0500249
328,69,462.5,162.5,12.5,199.902,0.2,0.0500049
329,69,487.5,162.5,12.5,199.191,0.2,0.0500405
330,69,462.5,187.5,12.5,199.889,0.2,0.0500056
331,69,487.5,187.5,12.5,199.078,0.2,0.0500461
332,69,462.5,162.5,37.5,199.564,0.2,0.0500218
333,69,487.5,162.5,37.5,195.605,0.2,0.0502202
334,69,462.5,187.5,37.5,199.507,0.2,0.0500247
335,69,487.5,187.5,37.5,195.156,0.2,0.0502428
336,70,512.5,162.5,12.5,195.529,0.2,0.050224
337,70,537.5,162.5,12.5,199.086,0.2,0.0500457
338,70,512.5,187.5,12.5,194.994,0.2,0.0502509
339,70,537.5,187.5,12.5,198.743,0.2,0.0500629
340,70,512.5,162.5,37.5,164.587,0.2,0.0518004
341,70,537.5,162.5,37.5,195.23,0.2,0.0502391
342,70,512.5,187.5,37.5,162.515,0.2,0.0519077
343,70,537.5,187.5,37.5,193.842,0.2,0.0503088
344,71,562.5,162.5,12.5,199.529,0.2,0.0500235
345,71,587.5,162.5,12.5,198.656,0.2,0.0500673
346,71,562.5,187.5,12.5,199.258,0.2,0.0500371
347,71,587.5,187.5,12.5,198.003,0.2,0.0500999
348,71,562.5,162.5,37.5,196.984,0.2,0.050151
349,71,587.5,162.5,37.5,191.067,0.2,0.0504485
350,71,562.5,187.5,37.5,195.344,0.2,0.0502333
351,71,587.5,187.5,37.5,185.828,0.2,0.0507134
352,72,612.5,162.5,12.5,195.748,0.2,0.050213
353,72,637.5,162.5,12.5,199.01,0.2,0.0500495
354,72,612.5,187.5,12.5,194.962,0.2,0.0502525
355,72,637.5,187.5,12.5,198.973,0.2,0.0500514
356,72,612.5,162.5,37.5,164.724,0.2,0.0517934
357,72,637.5,162.5,37.5,195.551,0.2,0.0502229
358,72,612.5,187.5,37.5,160.338,0.2,0.0520205
359,72,637.5,187.5,37.5,194.82,0.2,0.0502596
360,73,675,175,25,199.891,0.2,0.0500054
361,74,725,175,25,199.998,0.2,0.0500001
362,75,775,175,25,200,0.2,0.05
363,76,812.5,162.5,12.5,200,0.2,0.05
364,76,837.5,162.5,12.5,200,0.2,0.05
365,76,812.5,187.5,12.5,200,0.2,0.05
366,76,837.5,187.5,12.5,200,0.2,0.05
367,76,812.5,162.5,37.5,200,0.2,0.05
368,76,837.5,162.5,37.5,200,0.2,0.05
369,76,812.5,187.5,37.5,200,0.2,0.05
370,76,837.5,187.5,37.5,200,0.2,0.05
371,77,862.5,162.5,12.5,200,0.2,0.05
372,77,887.5,162.5,12.5,200,0.2,0.05
373,77,862.5,187.5,12.5,200,0.2,0.05
374,77,887.5,187.5,12.5,200,0.2,0.05
375,77,862.5,162.5,37.5,200,0.2,0.05
376,77,887.5,162.5,37.5,200,0.2,0.05
377,77,862.5,187.5,37.5,200,0.2,0.05
378,77,887.5,187.5,37.5,200,0.2,0.05
379,78,912.5,162.5,12.5,200,0.2,0.05
380,78,937.5,162.5,12.5,200,0.2,0.05
381,78,912.5,187.5,12.5,200,0.2,0.05
382,78,937.5,187.5,12.5,200,0.2,0.05
383,78,912.5,162.5,37.5,200,0.2,0.05
384,78,937.5,162.5,37.5,200,0.2,0.05
385,78,912.5,187.5,37.5,200,0.2,0.05
386,78,937.5,187.5,37.5,200,0.2,0.05
387,79,962.5,162.5,12.5,200,0.2,0.05
388,79,987.5,162.5,12.5,200,0.2,0.05
389,79,962.5,187.5,12.5,200,0.2,0.05
390,79,987.5,187.5,12.5,200,0.2,0.05
391,79,962.5,162.5,37.5,200,0.2,0.05
392,79,987.5,162.5,37.5,200,0.2,0.05
393,79,962.5,187.5,37.5,200,0.2,0.05
394,79,987.5,187.5,37.5,200,0.2,0.05
395,80,25,225,25,200,0.2,0.05
396,81,75,225,25,200,0.2,0.05
397,82,125,225,25,200,0.2,0.05
398,83,162.5,212.5,12.5,200,0.2,0.05
399,83,187.5,212.5,12.5,200,0.2,0.05
400,83,162.5,237.5,12.5,200,0.2,0.05
401,83,187.5,237.5,12.5,200,0.2,0.05
402,83,162.5,212.5,37.5,200,0.2,0.05
403,83,187.5,212.5,37.5,200,0.2,0.05
404,83,162.5,237.5,37.5,200,0.2,0.05
405,83,187.5,237.5,37.5,200,0.2,0.05
406,84,212.5,212.5,12.5,200,0.2,0.05
407,84,237.5,212.5,12.5,200,0.2,0.05
408,84,212.5,237.5,12.5,200,0.2,0.05
409,84,237.5,237.5,12.5,200,0.2,0.05
410,84,212.5,212.5,37.5,200,0.2,0.05
411,84,237.5,212.5,37.5,200,0.2,0.05
412,84,212.5,237.5,37.5,200,0.2,0.05
413,84,237.5,237.5,37.5,200,0.2,0.05
414,85,262.5,212.5,12.5,200,0.2,0.05
415,85,287.5,212.5,12.5,199.993,0.2,0.0500003
416,85,262.5,237.5,12.5,200,0.2,0.05
417,85,287.5,237.5,12.5,199.993,0.2,0.0500003
418,85,262.5,212.5,37.5,200,0.2,0.05
419,85,287.5,212.5,37.5,199.993,0.2,0.0500003
420,85,262.5,237.5,37.5,199.999,0.2,0.05
421,85,287.5,237.5,37.5,199.993,0.2,0.0500003
422,86,325,225,25,199.862,0.2,0.0500069
423,87,362.5,212.5,12.5,198.99,0.2,0.0500505
424,87,387.5,212.5,12.5,195.018,0.2,0.0502497
425,87,362.5,237.5,12.5,198.987,0.2,0.0500507
426,87,387.5,237.5,12.5,195.02,0.2,0.0502496
427,87,362.5,212.5,37.5,194.257,0.2,0.0502879
428,87,387.5,212.5,37.5,161.518,0.2,0.0519593
429,87,362.5,237.5,37.5,194.249,0.2,0.0502884
430,87,387.5,237.5,37.5,161.559,0.2,0.0519572
431,88,412.5,212.5,12.5,199.053,0.2,0.0500474
432,88,437.5,212.5,12.5,199.882,0.2,0.0500059
433,88,412.5,237.5,12.5,199.062,0.2,0.0500469
434,88,437.5,237.5,12.5,199.881,0.2,0.050006
435,88,412.5,212.5,37.5,194.736,0.2,0.0502639
436,88,437.5,212.5,37.5,199.442,0.2,0.0500279
437,88,412.5,237.5,37.5,194.852,0.2,0.050258
438,88,437.5,237.5,37.5,199.428,0.2,0.0500286
439,89,462.5,212.5,12.5,199.876,0.2,0.0500062
440,89,487.5,212.5,12.5,198.969,0.2,0.0500516
441,89,462.5,237.5,12.5,199.863,0.2,0.0500068
442,89,487.5,237.5,12.5,199.021,0.2,0.050049
443,89,462.5,212.5,37.5,199.462,0.2,0.0500269
444,89,487.5,212.5,37.5,195.049,0.2,0.0502481
445,89,462.5,237.5,37.5,199.264,0.2,0.0500368
446,89,487.5,237.5,37.5,194.814,0.2,0.0502599
447,90,512.5,212.5,12.5,193.992,0.2,0.0503012
448,90,537.5,212.5,12.5,197.133,0.2,0.0501435
449,90,512.5,237.5,12.5,194.793,0.2,0.050261
450,90,537.5,237.5,12.5,198.064,0.2,0.0500969
451,90,512.5,212.5,37.5,162.081,0.2,0.0519302
452,90,537.5,212.5,37.5,189.75,0.2,0.050515
453,90,512.5,237.5,37.5,161.618,0.2,0.0519541
454,90,537.5,237.5,37.5,193.453,0.2,0.0503283
455,91,562.5,212.5,12.5,198.978,0.2,0.0500511
456,91,587.5,212.5,12.5,198.688,0.2,0.0500656
457,91,562.5,237.5,12.5,198.097,0.2,0.0500953
458,91,587.5,237.5,12.5,198.294,0.2,0.0500854
459,91,562.5,212.5,37.5,194.744,0.2,0.0502634
460,91,587.5,212.5,37.5,193.323,0.2,0.0503349
461,91,562.5,237.5,37.5,195.735,0.2,0.0502137
462,91,587.5,237.5,37.5,194.478,0.2,0.0502768
463,92,612.5,212.5,12.5,194.611,0.2,0.0502701
464,92,637.5,212.5,12.5,198.946,0.2,0.0500527
465,92,612.5,237.5,12.5,191.727,0.2,0.0504153
466,92,637.5,237.5,12.5,198.222,0.2,0.050089
467,92,612.5,212.5,37.5,161.204,0.2,0.0519756
468,92,637.5,212.5,37.5,194.894,0.2,0.0502559
469,92,612.5,237.5,37.5,161.689,0.2,0.0519505
470,92,637.5,237.5,37.5,194.24,0.2,0.0502888
471,93,662.5,212.5,12.5,199.879,0.2,0.050006
472,93,687.5,212.5,12.5,199.985,0.2,0.0500007
473,93,662.5,237.5,12.5,199.808,0.2,0.0500096
474,93,687.5,237.5,12.5,199.984,0.2,0.0500008
475,93,662.5,212.5,37.5,199.529,0.2,0.0500236
476,93,687.5,212.5,37.5,199.961,0.2,0.0500019
477,93,662.5,237.5,37.5,199.441,0.2,0.0500279
478,93,687.5,237.5,37.5,199.956,0.2,0.0500022
479,94,712.5,212.5,12.5,199.999,0.2,0.0500001
480,94,737.5,212.5,12.5,200,0.2,0.05
481,94,712.5,237.5,12.5,199.999,0.2,0.0500001
482,94,737.5,237.5,12.5,200,0.2,0.05
483,94,712.5,212.5,37.5,199.997,0.2,0.0500001
484,94,737.5,212.5,37.5,200,0.2,0.05
485,94,712.5,237.5,37.5,199.996,0.2,0.0500002
486,94,737.5,237.5,37.5,200,0.2,0.05
487,95,775,225,25,200,0.2,0.05
488,96,825,225,25,200,0.2,0.05
489,97,862.5,212.5,12.5,200,0.2,0.05
490,97,887.5,212.5,12.5,200,0.2,0.05
491,97,862.5,237.5,12.5,200,0.2,0.05
492,97,887.5,237.5,12.5,200,0.2,0.05
493,97,862.5,212.5,37.5,200,0.2,0.05
494,97,887.5,212.5,37.5,200,0.2,0.05
495,97,862.5,237.5,37.5,200,0.2,0.05
496,97,887.5,237.5,37.5,200,0.2,0.05
497,98,912.5,212.5,12.5,200,0.2,0.05
498,98,937.5,212.5,12.5,200,0.2,0.05
499,98,912.5,237.5,12.5,200,0.2,0.05
500,98,937.5,237.5,12.5,200,0.2,0.05
501,98,912.5,212.5,37.5,200,0.2,0.05
502,98,937.5,212.5,37.5,200,0.2,0.05
503,98,912.5,237.5,37.5,200,0.2,0.05
504,98,937.5,237.5,37.5,200,0.2,0.05
505,99,962.5,212.5,12.5,200,0.2,0.05
506,99,987.5,212.5,12.5,200,0.2,0.05
507,99,962.5,237.5,12.5,200,0.2,0.05
508,99,987.5,237.5,12.5,200,0.2,0.05
509,99,962.5,212.5,37.5,200,0.2,0.05
510,99,987.5,212.5,37.5,200,0.2,0.05
511,99,962.5,237.5,37.5,200,0.2,0.05
512,99,987.5,237.5,37.5,200,0.2,0.05
513,100,12.5,262.5,12.5,200,0.2,0.05
514,100,37.5,262.5,12.5,200,0.2,0.05
515,100,12.5,287.5,12.5,200,0.2,0.05
516,100,37.5,287.5,12.5,200,0.2,0.05
517,100,12.5,262.5,37.5,200,0.2,0.05
518,100,37.5,262.5,37.5,200,0.2,0.05
519,100,12.5,287.5,37.5,200,0.2,0.05
520,100,37.5,287.5,37.5,200,0.2,0.05
521,101,62.5,262.5,12.5,200,0.2,0.05
522,101,87.5,262.5,12.5,200,0.2,0.05
523,101,62.5,287.5,12.5,200,0.2,0.05
524,101,87.5,287.5,12.5,200,0.2,0.05
525,101,62.5,262.5,37.5,200,0.2,0.05
526,101,87.5,262.5,37.5,200,0.2,0.05
527,101,62.5,287.5,37.5,200,0.2,0.05
528,101,87.5,287.5,37.5,200,0.2,0.05
529,102,125,275,25,200,0.2,0.05
530,103,175,275,25,200,0.2,0.05
531,104,212.5,262.5,12.5,200,0.2,0.05
532,104,237.5,262.5,12.5,200,0.2,0.05
533,104,212.5,287.5,12.5,200,0.2,0.05
534,104,237.5,287.5,12.5,200,0.2,0.05
535,104,212.5,262.5,37.5,200,0.2,0.05
536,104,237.5,262.5,37.5,200,0.2,0.05
537,104,212.5,287.5,37.5,200,0.2,0.05
538,104,237.5,287.5,37.5,200,0.2,0.05
539,105,262.5,262.5,12.5,200,0.2,0.05
540,105,287.5,262.5,12.5,199.994,0.2,0.0500003
541,105,262.5,287.5,12.5,200,0.2,0.05
542,105,287.5,287.5,12.5,199.994,0.2,0.0500003
543,105,262.5,262.5,37.5,199.999,0.2,0.05
544,105,287.5,262.5,37.5,199.994,0.2,0.0500003
545,105,262.5,287.5,37.5,200,0.2,0.05
546,105,287.5,287.5,37.5,199.994,0.2,0.0500003
547,106,325,275,25,199.883,0.2,0.0500058
548,107,362.5,262.5,12.5,199.031,0.2,0.0500485
549,107,387.5,262.5,12.5,195.065,0.2,0.0502473
550,107,362.5,287.5,12.5,199.057,0.2,0.0500472
551,107,387.5,287.5,12.5,195.092,0.2,0.050246
552,107,362.5,262.5,37.5,194.718,0.2,0.0502647
553,107,387.5,262.5,37.5,161.981,0.2,0.0519354
554,107,362.5,287.5,37.5,194.975,0.2,0.0502518
555,107,387.5,287.5,37.5,162.195,0.2,0.0519243
556,108,412.5,262.5,12.5,199.085,0.2,0.0500458
557,108,437.5,262.5,12.5,199.88,0.2,0.050006
558,108,412.5,287.5,12.5,199.103,0.2,0.0500449
559,108,437.5,287.5,12.5,199.87,0.2,0.0500065
560,108,412.5,262.5,37.5,195.091,0.2,0.050246
561,108,437.5,262.5,37.5,199.423,0.2,0.0500288
562,108,412.5,287.5,37.5,195.305,0.2,0.0502352
563,108,437.5,287.5,37.5,199.259,0.2,0.0500371
564,109,462.5,262.5,12.5,199.84,0.2,0.050008
565,109,487.5,262.5,12.5,198.889,0.2,0.0500556
566,109,462.5,287.5,12.5,199.853,0.2,0.0500073
567,109,487.5,287.5,12.5,199.013,0.2,0.0500494
568,109,462.5,262.5,37.5,199.083,0.2,0.0500458
569,109,487.5,262.5,37.5,193.541,0.2,0.0503239
570,109,462.5,287.5,37.5,199.137,0.2,0.0500432
571,109,487.5,287.5,37.5,194.616,0.2,0.0502699
572,110,512.5,262.5,12.5,194.558,0.2,0.0502728
573,110,537.5,262.5,12.5,198.233,0.2,0.0500884
574,110,512.5,287.5,12.5,194.816,0.2,0.0502598
575,110,537.5,287.5,12.5,198.279,0.2,0.0500861
576,110,512.5,262.5,37.5,159.035,0.2,0.0520882
577,110,537.5,262.5,37.5,189.014,0.2,0.0505522
578,110,512.5,287.5,37.5,160.732,0.2,0.0520001
579,110,537.5,287.5,37.5,188.97,0.2,0.0505544
580,111,562.5,262.5,12.5,199.133,0.2,0.0500434
581,111,587.5,262.5,12.5,196.569,0.2,0.0501718
582,111,562.5,287.5,12.5,198.875,0.2,0.0500563
583,111,587.5,287.5,12.5,193.131,0.2,0.0503446
584,111,562.5,262.5,37.5,197.352,0.2,0.0501326
585,111,587.5,262.5,37.5,194.44,0.2,0.0502787
586,111,562.5,287.5,37.5,197.559,0.2,0.0501222
587,111,587.5,287.5,37.5,192.77,0.2,0.0503627
588,112,612.5,262.5,12.5,190.115,0.2,0.0504966
589,112,637.5,262.5,12.5,198.462,0.2,0.050077
590,112,612.5,287.5,12.5,193.63,0.2,0.0503195
591,112,637.5,287.5,12.5,198.915,0.2,0.0500543
592,112,612.5,262.5,37.5,162.116,0.2,0.0519284
593,112,637.5,262.5,37.5,194.944,0.2,0.0502534
594,112,612.5,287.5,37.5,162.113,0.2,0.0519285
595,112,637.5,287.5,37.5,195.217,0.2,0.0502397
596,113,662.5,262.5,12.5,199.829,0.2,0.0500085
597,113,687.5,262.5,12.5,199.984,0.2,0.0500008
598,113,662.5,287.5,12.5,199.869,0.2,0.0500065
599,113,687.5,287.5,12.5,199.978,0.2,0.0500011
600,113,662.5,262.5,37.5,199.417,0.2,0.0500291
601,113,687.5,262.5,37.5,199.935,0.2,0.0500032
602,113,662.5,287.5,37.5,199.412,0.2,0.0500294
603,113,687.5,287.5,37.5,199.824,0.2,0.0500088
604,114,712.5,262.5,12.5,199.999,0.2,0.0500001
605,114,737.5,262.5,12.5,200,0.2,0.05
606,114,712.5,287.5,12.5,199.998,0.2,0.0500001
607,114,737.5,287.5,12.5,200,0.2,0.05
608,114,712.5,262.5,37.5,199.994,0.2,0.0500003
609,114,737.5,262.5,37.5,199.999,0.2,0.05
610,114,712.5,287.5,37.5,199.985,0.2,0.0500007
611,114,737.5,287.5,37.5,199.999,0.2,0.0500001
612,115,775,275,25,200,0.2,0.05
613,116,825,275,25,200,0.2,0.05
614,117,875,275,25,200,0.2,0.05
615,118,912.5,262.5,12.5,200,0.2,0.05
616,118,937.5,262.5,12.5,200,0.2,0.05
617,118,912.5,287.5,12.5,200,0.2,0.05
618,118,937.5,287.5,12.5,200,0.2,0.05
619,118,912.5,262.5,37.5,200,0.2,0.05
620,118,937.5,262.5,37.5,200,0.2,0.05
621,118,912.5,287.5,37.5,200,0.2,0.05
622,118,937.5,287.5,37.5,200,0.2,0.05
623,119,962.5,262.5,12.5,200,0.2,0.05
624,119,987.5,262.5,12.5,200,0.2,0.05
625,119,962.5,287.5,12.5,200,0.2,0.05
626,119,987.5,287.5,12.5,200,0.2,0.05
627,119,962.5,262.5,37.5,200,0.2,0.05
628,119,987.5,262.5,37.5,200,0.2,0.05
629,119,962.5,287.5,37.5,200,0.2,0.05
630,119,987.5,287.5,37.5,200,0.2,0.05
631,120,12.5,312.5,12.5,200,0.2,0.05
632,120,37.5,312.5,12.5,200,0.2,0.05
633,120,12.5,337.5,12.5,200,0.2,0.05
634,120,37.5,337.5,12.5,200,0.2,0.05
635,120,12.5,312.5,37.5,200,0.2,0.05
636,120,37.5,312.5,37.5,200,0.2,0.05
637,120,12.5,337.5,37.5,200,0.2,0.05
638,120,37.5,337.5,37.5,200,0.2,0.05
639,121,62.5,312.5,12.5,200,0.2,0.05
640,121,87.5,312.5,12.5,200,0.2,0.05
641,121,62.5,337.5,12.5,200,0.2,0.05
642,121,87.5,337.5,12.5,200,0.2,0.05
643,121,62.5,312.5,37.5,200,0.2,0.05
644,121,87.5,312.5,37.5,200,0.2,0.05
645,121,62.5,337.5,37.5,200,0.2,0.05
646,121,87.5,337.5,37.5,200,0.2,0.05
647,122,112.5,312.5,12.5,200,0.2,0.05
648,122,137.5,312.5,12.5,200,0.2,0.05
649,122,112.5,337.5,12.5,200,0.2,0.05
650,122,137.5,337.5,12.5,200,0.2,0.05
651,122,112.5,312.5,37.5,200,0.2,0.05
652,122,137.5,312.5,37.5,200,0.2,0.05
653,122,112.5,337.5,37.5,200,0.2,0.05
654,122,137.5,337.5,37.5,200,0.2,0.05
655,123,162.5,312.5,12.5,200,0.2,0.05
656,123,187.5,312.5,12.5,200,0.2,0.05
657,123,162.5,337.5,12.5,200,0.2,0.05
658,123,187.5,337.5,12.5,200,0.2,0.05
659,123,162.5,312.5,37.5,200,0.2,0.05
660,123,187.5,312.5,37.5,200,0.2,0.05
661,123,162.5,337.5,37.5,200,0.2,0.05
662,123,187.5,337.5,37.5,200,0.2,0.05
663,124,212.5,312.5,12.5,200,0.2,0.05
664,124,237.5,312.5,12.5,200,0.2,0.05
665,124,212.5,337.5,12.5,200,0.2,0.05
666,124,237.5,337.5,12.5,200,0.2,0.05
667,124,212.5,312.5,37.5,200,0.2,0.05
668,124,237.5,312.5,37.5,200,0.2,0.05
669,124,212.5,337.5,37.5,200,0.2,0.05
670,124,237.5,337.5,37.5,200,0.2,0.05
671,125,275,325,25,199.998,0.2,0.0500001
672,126,325,325,25,199.899,0.2,0.0500051
673,127,362.5,312.5,12.5,199.078,0.2,0.0500461
674,127,387.5,312.5,12.5,195.162,0.2,0.0502425
675,127,362.5,337.5,12.5,199.214,0.2,0.0500393
676,127,387.5,337.5,12.5,195.849,0.2,0.0502079
677,127,362.5,312.5,37.5,195.075,0.2,0.0502468
678,127,387.5,312.5,37.5,162.458,0.2,0.0519107
679,127,362.5,337.5,37.5,195.67,0.2,0.0502169
680,127,387.5,337.5,37.5,165.522,0.2,0.0517521
681,128,412.5,312.5,12.5,199.107,0.2,0.0500447
682,128,437.5,312.5,12.5,199.884,0.2,0.0500058
683,128,412.5,337.5,12.5,199.227,0.2,0.0500387
684,128,437.5,337.5,12.5,199.889,0.2,0.0500056
685,128,412.5,312.5,37.5,195.194,0.2,0.0502409
686,128,437.5,312.5,37.5,199.451,0.2,0.0500274
687,128,412.5,337.5,37.5,195.761,0.2,0.0502124
688,128,437.5,337.5,37.5,199.568,0.2,0.0500216
689,129,462.5,312.5,12.5,199.868,0.2,0.0500066
690,129,487.5,312.5,12.5,199.096,0.2,0.0500452
691,129,462.5,337.5,12.5,199.892,0.2,0.0500054
692,129,487.5,337.5,12.5,199.193,0.2,0.0500404
693,129,462.5,312.5,37.5,199.232,0.2,0.0500384
694,129,487.5,312.5,37.5,195.246,0.2,0.0502382
695,129,462.5,337.5,37.5,199.483,0.2,0.0500259
696,129,487.5,337.5,37.5,195.74,0.2,0.0502134
697,130,512.5,312.5,12.5,195.088,0.2,0.0502462
698,130,537.5,312.5,12.5,198.84,0.2,0.050058
699,130,512.5,337.5,12.5,195.63,0.2,0.050219
700,130,537.5,337.5,12.5,198.483,0.2,0.0500759
701,130,512.5,312.5,37.5,162.284,0.2,0.0519196
702,130,537.5,312.5,37.5,194.433,0.2,0.0502791
703,130,512.5,337.5,37.5,165.725,0.2,0.0517416
704,130,537.5,337.5,37.5,195.292,0.2,0.0502359
705,131,562.5,312.5,12.5,199.492,0.2,0.0500254
706,131,587.5,312.5,12.5,197.74,0.2,0.0501131
707,131,562.5,337.5,12.5,199.48,0.2,0.050026
708,131,587.5,337.5,12.5,198.429,0.2,0.0500786
709,131,562.5,312.5,37.5,198.343,0.2,0.0500829
710,131,587.5,312.5,37.5,191.017,0.2,0.050451
711,131,562.5,337.5,37.5,197.409,0.2,0.0501297
712,131,587.5,337.5,37.5,190.03,0.2,0.0505009
713,132,612.5,312.5,12.5,194.854,0.2,0.0502579
714,132,637.5,312.5,12.5,199.062,0.2,0.0500469
715,132,612.5,337.5,12.5,195.422,0.2,0.0502294
716,132,637.5,337.5,12.5,199.148,0.2,0.0500426
717,132,612.5,312.5,37.5,162.157,0.2,0.0519262
718,132,637.5,312.5,37.5,195.13,0.2,0.050244
719,132,612.5,337.5,37.5,164.2,0.2,0.0518205
720,132,637.5,337.5,37.5,195.541,0.2,0.0502234
721,133,662.5,312.5,12.5,199.888,0.2,0.0500056
722,133,687.5,312.5,12.5,199.977,0.2,0.0500012
723,133,662.5,337.5,12.5,199.906,0.2,0.0500047
724,133,687.5,337.5,12.5,199.989,0.2,0.0500005
725,133,662.5,312.5,37.5,199.461,0.2,0.050027
726,133,687.5,312.5,37.5,199.792,0.2,0.0500104
727,133,662.5,337.5,37.5,199.588,0.2,0.0500206
728,133,687.5,337.5,37.5,199.942,0.2,0.0500029
729,134,712.5,312.5,12.5,199.996,0.2,0.0500002
730,134,737.5,312.5,12.5,200,0.2,0.05
731,134,712.5,337.5,12.5,199.999,0.2,0.0500001
732,134,737.5,337.5,12.5,200,0.2,0.05
733,134,712.5,312.5,37.5,199.965,0.2,0.0500017
734,134,737.5,312.5,37.5,199.998,0.2,0.0500001
735,134,712.5,337.5,37.5,199.994,0.2,0.0500003
736,134,737.5,337.5,37.5,200,0.2,0.05
737,135,775,325,25,200,0.2,0.05
738,136,812.5,312.5,12.5,200,0.2,0.05
739,136,837.5,312.5,12.5,200,0.2,0.05
740,136,812.5,337.5,12.5,200,0.2,0.05
741,136,837.5,337.5,12.5,200,0.2,0.05
742,136,812.5,312.5,37.5,200,0.2,0.05
743,136,837.5,312.5,37.5,200,0.2,0.05
744,136,812.5,337.5,37.5,200,0.2,0.05
745,136,837.5,337.5,37.5,200,0.2,0.05
746,137,862.5,312.5,12.5,200,0.2,0.05
747,137,887.5,312.5,12.5,200,0.2,0.05
748,137,862.5,337.5,12.5,200,0.2,0.05
749,137,887.5,337.5,12.5,200,0.2,0.05
750,137,862.5,312.5,37.5,200,0.2,0.05
751,137,887.5,312.5,37.5,200,0.2,0.05
752,137,862.5,337.5,37.5,200,0.2,0.05
753,137,887.5,337.5,37.5,200,0.2,0.05
754,138,912.5,312.5,12.5,200,0.2,0.05
755,138,937.5,312.5,12.5,200,0.2,0.05
756,138,912.5,337.5,12.5,200,0.2,0.05
757,138,937.5,337.5,12.5,200,0.2,0.05
758,138,912.5,312.5,37.5,200,0.2,0.05
759,138,937.5,312.5,37.5,200,0.2,0.05
760,138,912.5,337.5,37.5,200,0.2,0.05
761,138,937.5,337.5,37.5,200,0.2,0.05
762,139,962.5,312.5,12.5,200,0.2,0.05
763,139,987.5,312.5,12.5,200,0.2,0.05
764,139,962.5,337.5,12.5,200,0.2,0.05
765,139,987.5,337.5,12.5,200,0.2,0.05
766,139,962.5,312.5,37.5,200,0.2,0.05
767,139,987.5,312.5,37.5,200,0.2,0.05
768,139,962.5,337.5,37.5,200,0.2,0.05
769,139,987.5,337.5,37.5,200,0.2,0.05
770,140,12.5,362.5,12.5,200,0.2,0.05
771,140,37.5,362.5,12.5,200,0.2,0.05
772,140,12.5,387.5,12.5,200,0.2,0.05
773,140,37.5,387.5,12.5,200,0.2,0.05
774,140,12.5,362.5,37.5,200,0.2,0.05
775,140,37.5,362.5,37.5,200,0.2,0.05
776,140,12.5,387.5,37.5,200,0.2,0.05
777,140,37.5,387.5,37.5,200,0.2,0.05
778,141,62.5,362.5,12.5,200,0.2,0.05
779,141,87.5,362.5,12.5,200,0.2,0.05
780,141,62.5,387.5,12.5,200,0.2,0.05
781,141,87.5,387.5,12.5,200,0.2,0.05
782,141,62.5,362.5,37.5,200,0.2,0.05
783,141,87.5,362.5,37.5,200,0.2,0.05
784,141,62.5,387.5,37.5,200,0.2,0.05
785,141,87.5,387.5,37.5,200,0.2,0.05
786,142,112.5,362.5,12.5,200,0.2,0.05
787,142,137.5,362.5,12.5,200,0.2,0.05
788,142,112.5,387.5,12.5,200,0.2,0.05
789,142,137.5,387.5,12.5,200,0.2,0.05
790,142,112.5,362.5,37.5,200,0.2,0.05
791,142,137.5,362.5,37.5,200,0.2,0.05
792,142,112.5,387.5,37.5,200,0.2,0.05
793,142,137.5,387.5,37.5,200,0.2,0.05
794,143,162.5,362.5,12.5,200,0.2,0.05
795,143,187.5,362.5,12.5,200,0.2,0.05
796,143,162.5,387.5,12.5,200,0.2,0.05
797,143,187.5,387.5,12.5,200,0.2,0.05
798,143,162.5,362.5,37.5,200,0.2,0.05
799,143,187.5,362.5,37.5,200,0.2,0.05
800,143,162.5,387.5,37.5,200,0.2,0.05
801,143,187.5,387.5,37.5,200,0.2,0.05
802,144,212.5,362.5,12.5,200,0.2,0.05
803,144,237.5,362.5,12.5,200,0.2,0.05
804,144,212.5,387.5,12.5,200,0.2,0.05
805,144,237.5,387.5,12.5,200,0.2,0.05
806,144,212.5,362.5,37.5,200,0.2,0.05
807,144,237.5,362.5,37.5,200,0.2,0.05
808,144,212.5,387.5,37.5,200,0.2,0.05
809,144,237.5,387.5,37.5,200,0.2,0.05
810,145,275,375,25,200,0.2,0.05
811,146,312.5,362.5,12.5,199.994,0.2,0.0500003
812,146,337.5,362.5,12.5,199.983,0.2,0.0500008
813,146,312.5,387.5,12.5,200,0.2,0.05
814,146,337.5,387.5,12.5,199.998,0.2,0.0500001
815,146,312.5,362.5,37.5,199.992,0.2,0.0500004
816,146,337.5,362.5,37.5,199.948,0.2,0.0500026
817,146,312.5,387.5,37.5,199.999,0.2,0.0500001
818,146,337.5,387.5,37.5,199.992,0.2,0.0500004
819,147,362.5,362.5,12.5,199.852,0.2,0.0500074
820,147,387.5,362.5,12.5,199.306,0.2,0.0500347
821,147,362.5,387.5,12.5,199.983,0.2,0.0500009
822,147,387.5,387.5,12.5,199.927,0.2,0.0500036
823,147,362.5,362.5,37.5,199.308,0.2,0.0500346
824,147,387.5,362.5,37.5,196.111,0.2,0.0501948
825,147,362.5,387.5,37.5,199.928,0.2,0.0500036
826,147,387.5,387.5,37.5,199.661,0.2,0.050017
827,148,412.5,362.5,12.5,199.782,0.2,0.0500109
828,148,437.5,362.5,12.5,199.951,0.2,0.0500025
829,148,412.5,387.5,12.5,199.973,0.2,0.0500014
830,148,437.5,387.5,12.5,199.948,0.2,0.0500026
831,148,412.5,362.5,37.5,199.329,0.2,0.0500336
832,148,437.5,362.5,37.5,199.879,0.2,0.0500061
833,148,412.5,387.5,37.5,199.916,0.2,0.0500042
834,148,437.5,387.5,37.5,199.852,0.2,0.0500074
835,149,462.5,362.5,12.5,199.917,0.2,0.0500041
836,149,487.5,362.5,12.5,199.608,0.2,0.0500196
837,149,462.5,387.5,12.5,199.82,0.2,0.050009
838,149,487.5,387.5,12.5,199.811,0.2,0.0500094
839,149,462.5,362.5,37.5,199.56,0.2,0.050022
840,149,487.5,362.5,37.5,197.186,0.2,0.0501409
841,149,462.5,387.5,37.5,198.663,0.2,0.0500669
842,149,487.5,387.5,37.5,198.519,0.2,0.0500741
843,150,512.5,362.5,12.5,199.083,0.2,0.0500458
844,150,537.5,362.5,12.5,199.173,0.2,0.0500414
845,150,512.5,387.5,12.5,199.869,0.2,0.0500065
846,150,537.5,387.5,12.5,199.907,0.2,0.0500046
847,150,512.5,362.5,37.5,195.372,0.2,0.0502319
848,150,537.5,362.5,37.5,198.786,0.2,0.0500607
849,150,512.5,387.5,37.5,199.358,0.2,0.0500321
850,150,537.5,387.5,37.5,199.825,0.2,0.0500088
851,151,562.5,362.5,12.5,199.55,0.2,0.0500225
852,151,587.5,362.5,12.5,199.345,0.2,0.0500328
853,151,562.5,387.5,12.5,199.924,0.2,0.0500038
854,151,587.5,387.5,12.5,199.868,0.2,0.0500066
855,151,562.5,362.5,37.5,196.945,0.2,0.050153
856,151,587.5,362.5,37.5,195.264,0.2,0.0502373
857,151,562.5,387.5,37.5,199.657,0.2,0.0500172
858,151,587.5,387.5,37.5,199.453,0.2,0.0500273
859,152,625,375,25,199.368,0.2,0.0500316
860,153,662.5,362.5,12.5,199.955,0.2,0.0500022
861,153,687.5,362.5,12.5,199.996,0.2,0.0500002
862,153,662.5,387.5,12.5,199.962,0.2,0.0500019
863,153,687.5,387.5,12.5,199.997,0.2,0.0500001
864,153,662.5,362.5,37.5,199.932,0.2,0.0500034
865,153,687.5,362.5,37.5,199.992,0.2,0.0500004
866,153,662.5,387.5,37.5,199.964,0.2,0.0500018
867,153,687.5,387.5,37.5,199.997,0.2,0.0500002
868,154,712.5,362.5,12.5,200,0.2,0.05
869,154,737.5,362.5,12.5,200,0.2,0.05
870,154,712.5,387.5,12.5,200,0.2,0.05
871,154,737.5,387.5,12.5,200,0.2,0.05
872,154,712.5,362.5,37.5,199.999,0.2,0.05
873,154,737.5,362.5,37.5,200,0.2,0.05
874,154,712.5,387.5,37.5,199.999,0.2,0.05
875,154,737.5,387.5,37.5,200,0.2,0.05
876,155,762.5,362.5,12.5,200,0.2,0.05
877,155,787.5,362.5,12.5,200,0.2,0.05
878,155,762.5,387.5,12.5,200,0.2,0.05
879,155,787.5,387.5,12.5,200,0.2,0.05
880,155,762.5,362.5,37.5,200,0.2,0.05
881,155,787.5,362.5,37.5,200,0.2,0.05
882,155,762.5,387.5,37.5,200,0.2,0.05
883,155,787.5,387.5,37.5,200,0.2,0.05
884,156,812.5,362.5,12.5,200,0.2,0.05
885,156,837.5,362.5,12.5,200,0.2,0.05
886,156,812.5,387.5,12.5,200,0.2,0.05
887,156,837.5,387.5,12.5,200,0.2,0.05
888,156,812.5,362.5,37.5,200,0.2,0.05
889,156,837.5,362.5,37.5,200,0.2,0.05
890,156,812.5,387.5,37.5,200,0.2,0.05
891,156,837.5,387.5,37.5,200,0.2,0.05
892,157,862.5,362.5,12.5,200,0.2,0.05
893,157,887.5,362.5,12.5,200,0.2,0.05
894,157,862.5,387.5,12.5,200,0.2,0.05
895,157,887.5,387.5,12.5,200,0.2,0.05
896,157,862.5,362.5,37.5,200,0.2,0.05
897,157,887.5,362.5,37.5,200,0.2,0.05
898,157,862.5,387.5,37.5,200,0.2,0.05
899,157,887.5,387.5,37.5,200,0.2,0.05
900,158,925,375,25,200,0.2,0.05
901,159,962.5,362.5,12.5,200,0.2,0.05
902,159,987.5,362.5,12.5,200,0.2,0.05
903,159,962.5,387.5,12.5,200,0.2,0.05
904,159,987.5,387.5,12.5,200,0.2,0.05
905,159,962.5,362.5,37.5,200,0.2,0.05
906,159,987.5,362.5,37.5,200,0.2,0.05
907,159,962.5,387.5,37.5,200,0.2,0.05
908,159,987.5,387.5,37.5,200,0.2,0.05
909,160,12.5,412.5,12.5,200,0.2,0.05
910,160,37.5,412.5,12.5,200,0.2,0.05
911,160,12.5,437.5,12.5,200,0.2,0.05
912,160,37.5,437.5,12.5,200,0.2,0.05
913,160,12.5,412.5,37.5,200,0.2,0.05
914,160,37.5,412.5,37.5,200,0.2,0.05
915,160,12.5,437.5,37.5,200,0.2,0.05
916,160,37.5,437.5,37.5,200,0.2,0.05
917,161,62.5,412.5,12.5,200,0.2,0.05
918,161,87.5,412.5,12.5,200,0.2,0.05
919,161,62.5,437.5,12.5,200,0.2,0.05
920,161,87.5,437.5,12.5,200,0.2,0.05
921,161,62.5,412.5,37.5,200,0.2,0.05
922,161,87.5,412.5,37.5,200,0.2,0.05
923,161,62.5,437.5,37.5,200,0.2,0.05
924,161,87.5,437.5,37.5,200,0.2,0.05
925,162,125,425,25,200,0.2,0.05
926,163,175,425,25,200,0.2,0.05
927,164,225,425,25,200,0.2,0.05
928,165,262.5,412.5,12.5,200,0.2,0.05
929,165,287.5,412.5,12.5,200,0.2,0.05
930,165,262.5,437.5,12.5,200,0.2,0.05
931,165,287.5,437.5,12.5,200,0.2,0.05
932,165,262.5,412.5,37.5,200,0.2,0.05
933,165,287.5,412.5,37.5,200,0.2,0.05
934,165,262.5,437.5,37.5,200,0.2,0.05
935,165,287.5,437.5,37.5,200,0.2,0.05
936,166,312.5,412.5,12.5,200,0.2,0.05
937,166,337.5,412.5,12.5,200,0.2,0.05
938,166,312.5,437.5,12.5,200,0.2,0.05
939,166,337.5,437.5,12.5,200,0.2,0.05
940,166,312.5,412.5,37.5,199.999,0.2,0.05
941,166,337.5,412.5,37.5,199.999,0.2,0.0500001
942,166,312.5,437.5,37.5,200,0.2,0.05
943,166,337.5,437.5,37.5,200,0.2,0.05
944,167,362.5,412.5,12.5,199.998,0.2,0.0500001
945,167,387.5,412.5,12.5,199.994,0.2,0.0500003
946,167,362.5,437.5,12.5,200,0.2,0.05
947,167,387.5,437.5,12.5,199.999,0.2,0.05
948,167,362.5,412.5,37.5,199.994,0.2,0.0500003
949,167,387.5,412.5,37.5,199.976,0.2,0.0500012
950,167,362.5,437.5,37.5,200,0.2,0.05
951,167,387.5,437.5,37.5,199.998,0.2,0.0500001
952,168,412.5,412.5,12.5,199.991,0.2,0.0500004
953,168,437.5,412.5,12.5,199.925,0.2,0.0500037
954,168,412.5,437.5,12.5,199.998,0.2,0.0500001
955,168,437.5,437.5,12.5,199.987,0.2,0.0500007
956,168,412.5,412.5,37.5,199.99,0.2,0.0500005
957,168,437.5,412.5,37.5,199.958,0.2,0.0500021
958,168,412.5,437.5,37.5,199.997,0.2,0.0500002
959,168,437.5,437.5,37.5,199.98,0.2,0.050001
960,169,462.5,412.5,12.5,199.783,0.2,0.0500108
961,169,487.5,412.5,12.5,199.875,0.2,0.0500062
962,169,462.5,437.5,12.5,199.941,0.2,0.050003
963,169,487.5,437.5,12.5,199.821,0.2,0.050009
964,169,462.5,412.5,37.5,199.749,0.2,0.0500126
965,169,487.5,412.5,37.5,199.642,0.2,0.0500179
966,169,462.5,437.5,37.5,199.94,0.2,0.050003
967,169,487.5,437.5,37.5,199.914,0.2,0.0500043
968,170,512.5,412.5,12.5,199.969,0.2,0.0500015
969,170,537.5,412.5,12.5,199.99,0.2,0.0500005
970,170,512.5,437.5,12.5,199.922,0.2,0.0500039
971,170,537.5,437.5,12.5,199.991,0.2,0.0500004
972,170,512.5,412.5,37.5,199.916,0.2,0.0500042
973,170,537.5,412.5,37.5,199.98,0.2,0.050001
974,170,512.5,437.5,37.5,199.935,0.2,0.0500032
975,170,537.5,437.5,37.5,199.99,0.2,0.0500005
976,171,575,425,25,199.99,0.2,0.0500005
977,172,625,425,25,199.984,0.2,0.0500008
978,173,662.5,412.5,12.5,199.997,0.2,0.0500002
979,173,687.5,412.5,12.5,200,0.2,0.05
980,173,662.5,437.5,12.5,199.999,0.2,0.05
981,173,687.5,437.5,12.5,200,0.2,0.05
982,173,662.5,412.5,37.5,199.997,0.2,0.0500002
983,173,687.5,412.5,37.5,199.999,0.2,0.05
984,173,662.5,437.5,37.5,199.999,0.2,0.05
985,173,687.5,437.5,37.5,200,0.2,0.05
986,174,712.5,412.5,12.5,200,0.2,0.05
987,174,737.5,412.5,12.5,200,0.2,0.05
988,174,712.5,437.5,12.5,200,0.2,0.05
989,174,737.5,437.5,12.5,200,0.2,0.05
990,174,712.5,412.5,37.5,199.999,0.2,0.05
991,174,737.5,412.5,37.5,200,0.2,0.05
992,174,712.5,437.5,37.5,200,0.2,0.05
993,174,737.5,437.5,37.5,200,0.2,0.05
994,175,762.5,412.5,12.5,200,0.2,0.05
995,175,787.5,412.5,12.5,200,0.2,0.05
996,175,762.5,437.5,12.5,200,0.2,0.05
997,175,787.5,437.5,12.5,200,0.2,0.05
998,175,762.5,412.5,37.5,200,0.2,0.05
999,175,787.5,412.5,37.5,200,0.2,0.05
1000,175,762.5,437.5,37.5,200,0.2,0.05
1001,175,787.5,437.5,37.5,200,0.2,0.05
1002,176,812.5,412.5,12.5,200,0.2,0.05
1003,176,837.5,412.5,12.5,200,0.2,0.05
1004,176,812.5,437.5,12.5,200,0.2,0.05
1005,176,837.5,437.5,12.5,200,0.2,0.05
1006,176,812.5,412.5,37.5,200,0.2,0.05
1007,176,837.5,412.5,37.5,200,0.2,0.05
1008,176,812.5,437.5,37.5,200,0.2,0.05
1009,176,837.5,437.5,37.5,200,0.2,0.05
1010,177,862.5,412.5,12.5,200,0.2,0.05
1011,177,887.5,412.5,12.5,200,0.2,0.05
1012,177,862.5,437.5,12.5,200,0.2,0.05
1013,177,887.5,437.5,12.5,200,0.2,0.05
1014,177,862.5,412.5,37.5,200,0.2,0.05
1015,177,887.5,412.5,37.5,200,0.2,0.05
1016,177,862.5,437.5,37.5,200,0.2,0.05
1017,177,887.5,437.5,37.5,200,0.2,0.05
1018,178,925,425,25,200,0.2,0.05
1019,179,962.5,412.5,12.5,200,0.2,0.05
1020,179,987.5,412.5,12.5,200,0.2,0.05
1021,179,962.5,437.5,12.5,200,0.2,0.05
1022,179,987.5,437.5,12.5,200,0.2,0.05
1023,179,962.5,412.5,37.5,200,0.2,0.05
1024,179,987.5,412.5,37.5,200,0.2,0.05
1025,179,962.5,437.5,37.5,200,0.2,0.05
1026,179,987.5,437.5,37.5,200,0.2,0.05
1027,180,25,475,25,200,0.2,0.05
1028,181,75,475,25,200,0.2,0.05
1029,182,125,475,25,200,0.2,0.05
1030,183,175,475,25,200,0.2,0.05
1031,184,225,475,25,200,0.2,0.05
1032,185,275,475,25,200,0.2,0.05
1033,186,325,475,25,200,0.2,0.05
1034,187,375,475,25,200,0.2,0.05
1035,188,425,475,25,200,0.2,0.05
1036,189,462.5,462.5,12.5,199.993,0.2,0.0500003
1037,189,487.5,462.5,12.5,199.981,0.2,0.0500009
1038,189,462.5,487.5,12.5,199.999,0.2,0.05
1039,189,487.5,487.5,12.5,199.998,0.2,0.0500001
1040,189,462.5,462.5,37.5,199.994,0.2,0.0500003
1041,189,487.5,462.5,37.5,199.991,0.2,0.0500004
1042,189,462.5,487.5,37.5,199.999,0.2,0.05
1043,189,487.5,487.5,37.5,199.999,0.2,0.0500001
1044,190,512.5,462.5,12.5,199.99,0.2,0.0500005
1045,190,537.5,462.5,12.5,199.998,0.2,0.0500001
1046,190,512.5,487.5,12.5,199.999,0.2,0.05
1047,190,537.5,487.5,12.5,200,0.2,0.05
1048,190,512.5,462.5,37.5,199.993,0.2,0.0500003
1049,190,537.5,462.5,37.5,199.999,0.2,0.0500001
1050,190,512.5,487.5,37.5,199.999,0.2,0.05
1051,190,537.5,487.5,37.5,200,0.2,0.05
1052,191,575,475,25,200,0.2,0.05
1053,192,625,475,25,200,0.2,0.05
1054,193,675,475,25,200,0.2,0.05
1055,194,725,475,25,200,0.2,0.05
1056,195,762.5,462.5,12.5,200,0.2,0.05
1057,195,787.5,462.5,12.5,200,0.2,0.05
1058,195,762.5,487.5,12.5,200,0.2,0.05
1059,195,787.5,487.5,12.5,200,0.2,0.05
1060,195,762.5,462.5,37.5,200,0.2,0.05
1061,195,787.5,462.5,37.5,200,0.2,0.05
1062,195,762.5,487.5,37.5,200,0.2,0.05
1063,195,787.5,487.5,37.5,200,0.2,0.05
1064,196,812.5,462.5,12.5,200,0.2,0.05
1065,196,837.5,462.5,12.5,200,0.2,0.05
1066,196,812.5,487.5,12.5,200,0.2,0.05
1067,196,837.5,487.5,12.5,200,0.2,0.05
1068,196,812.5,462.5,37.5,200,0.2,0.05
1069,196,837.5,462.5,37.5,200,0.2,0.05
1070,196,812.5,487.5,37.5,200,0.2,0.05
1071,196,837.5,487.5,37.5,200,0.2,0.05
1072,197,862.5,462.5,12.5,200,0.2,0.05
1073,197,887.5,462.5,12.5,200,0.2,0.05
1074,197,862.5,487.5,12.5,200,0.2,0.05
1075,197,887.5,487.5,12.5,200,0.2,0.05
1076,197,862.5,462.5,37.5,200,0.2,0.05
1077,197,887.5,462.5,37.5,200,0.2,0.05
1078,197,862.5,487.5,37.5,200,0.2,0.05
1079,197,887.5,487.5,37.5,200,0.2,0.05
1080,198,925,475,25,200,0.2,0.05
1081,199,975,475,25,200,0.2,0.05
1082,200,25,25,75,200,0.2,0.05
1083,201,75,25,75,200,0.2,0.05
1084,202,125,25,75,200,0.2,0.05
1085,203,175,25,75,200,0.2,0.05
1086,204,225,25,75,200,0.2,0.05
1087,205,262.5,12.5,62.5,200,0.2,0.05
1088,205,287.5,12.5,62.5,200,0.2,0.05
1089,205,262.5,37.5,62.5,200,0.2,0.05
1090,205,287.5,37.5,62.5,200,0.2,0.05
1091,205,262.5,12.5,87.5,200,0.2,0.05
1092,205,287.5,12.5,87.5,200,0.2,0.05
1093,205,262.5,37.5,87.5,200,0.2,0.05
1094,205,287.5,37.5,87.5,200,0.2,0.05
1095,206,312.5,12.5,62.5,200,0.2,0.05
1096,206,337.5,12.5,62.5,200,0.2,0.05
1097,206,312.5,37.5,62.5,200,0.2,0.05
1098,206,337.5,37.5,62.5,200,0.2,0.05
1099,206,312.5,12.5,87.5,200,0.2,0.05
1100,206,337.5,12.5,87.5,200,0.2,0.05
1101,206,312.5,37.5,87.5,200,0.2,0.05
1102,206,337.5,37.5,87.5,200,0.2,0.05
1103,207,362.5,12.5,62.5,200,0.2,0.05
1104,207,387.5,12.5,62.5,200,0.2,0.05
1105,207,362.5,37.5,62.5,200,0.2,0.05
1106,207,387.5,37.5,62.5,200,0.2,0.05
1107,207,362.5,12.5,87.5,200,0.2,0.05
1108,207,387.5,12.5,87.5,200,0.2,0.05
1109,207,362.5,37.5,87.5,200,0.2,0.05
1110,207,387.5,37.5,87.5,200,0.2,0.05
1111,208,412.5,12.5,62.5,200,0.2,0.05
1112,208,437.5,12.5,62.5,200,0.2,0.05
1113,208,412.5,37.5,62.5,200,0.2,0.05
1114,208,437.5,37.5,62.5,200,0.2,0.05
1115,208,412.5,12.5,87.5,200,0.2,0.05
1116,208,437.5,12.5,87.5,200,0.2,0.05
1117,208,412.5,37.5,87.5,200,0.2,0.05
1118,208,437.5,37.5,87.5,200,0.2,0.05
1119,209,475,25,75,200,0.2,0.05
1120,210,525,25,75,200,0.2,0.05
1121,211,575,25,75,200,0.2,0.05
1122,212,625,25,75,200,0.2,0.05
1123,213,662.5,12.5,62.5,200,0.2,0.05
1124,213,687.5,12.5,62.5,200,0.2,0.05
1125,213,662.5,37.5,62.5,200,0.2,0.05
1126,213,687.5,37.5,62.5,200,0.2,0.05
1127,213,662.5,12.5,87.5,200,0.2,0.05
1128,213,687.5,12.5,87.5,200,0.2,0.05
1129,213,662.5,37.5,87.5,200,0.2,0.05
1130,213,687.5,37.5,87.5,200,0.2,0.05
1131,214,712.5,12.5,62.5,200,0.2,0.05
1132,214,737.5,12.5,62.5,200,0.2,0.05
1133,214,712.5,37.5,62.5,200,0.2,0.05
1134,214,737.5,37.5,62.5,200,0.2,0.05
1135,214,712.5,12.5,87.5,200,0.2,0.05
1136,214,737.5,12.5,87.5,200,0.2,0.05
1137,214,712.5,37.5,87.5,200,0.2,0.05
1138,214,737.5,37.5,87.5,200,0.2,0.05
1139,215,775,25,75,200,0.2,0.05
1140,216,825,25,75,200,0.2,0.05
1141,217,875,25,75,200,0.2,0.05
1142,218,925,25,75,200,0.2,0.05
1143,219,975,25,75,200,0.2,0.05
1144,220,25,75,75,200,0.2,0.05
1145,221,75,75,75,200,0.2,0.05
1146,222,112.5,62.5,62.5,200,0.2,0.05
1147,222,137.5,62.5,62.5,200,0.2,0.05
1148,222,112.5,87.5,62.5,200,0.2,0.05
1149,222,137.5,87.5,62.5,200,0.2,0.05
1150,222,112.5,62.5,87.5,200,0.2,0.05
1151,222,137.5,62.5,87.5,200,0.2,0.05
1152,222,112.5,87.5,87.5,200,0.2,0.05
1153,222,137.5,87.5,87.5,200,0.2,0.05
1154,223,162.5,62.5,62.5,200,0.2,0.05
1155,223,187.5,62.5,62.5,200,0.2,0.05
1156,223,162.5,87.5,62.5,200,0.2,0.05
1157,223,187.5,87.5,62.5,200,0.2,0.05
1158,223,162.5,62.5,87.5,200,0.2,0.05
1159,223,187.5,62.5,87.5,200,0.2,0.05
1160,223,162.5,87.5,87.5,200,0.2,0.05
1161,223,187.5,87.5,87.5,200,0.2,0.05
1162,224,225,75,75,200,0.2,0.05
1163,225,275,75,75,200,0.2,0.05
1164,226,312.5,62.5,62.5,200,0.2,0.05
1165,226,337.5,62.5,62.5,200,0.2,0.05
1166,226,312.5,87.5,62.5,200,0.2,0.05
1167,226,337.5,87.5,62.5,199.999,0.2,0.05
1168,226,312.5,62.5,87.5,200,0.2,0.05
1169,226,337.5,62.5,87.5,200,0.2,0.05
1170,226,312.5,87.5,87.5,200,0.2,0.05
1171,226,337.5,87.5,87.5,200,0.2,0.05
1172,227,362.5,62.5,62.5,200,0.2,0.05
1173,227,387.5,62.5,62.5,199.999,0.2,0.0500001
1174,227,362.5,87.5,62.5,199.994,0.2,0.0500003
1175,227,387.5,87.5,62.5,199.976,0.2,0.0500012
1176,227,362.5,62.5,87.5,200,0.2,0.05
1177,227,387.5,62.5,87.5,200,0.2,0.05
1178,227,362.5,87.5,87.5,199.998,0.2,0.0500001
1179,227,387.5,87.5,87.5,199.994,0.2,0.0500003
1180,228,412.5,62.5,62.5,200,0.2,0.05
1181,228,437.5,62.5,62.5,200,0.2,0.05
1182,228,412.5,87.5,62.5,199.994,0.2,0.0500003
1183,228,437.5,87.5,62.5,199.999,0.2,0.0500001
1184,228,412.5,62.5,87.5,200,0.2,0.05
1185,228,437.5,62.5,87.5,200,0.2,0.05
1186,228,412.5,87.5,87.5,199.999,0.2,0.0500001
1187,228,437.5,87.5,87.5,199.999,0.2,0.05
1188,229,462.5,62.5,62.5,200,0.2,0.05
1189,229,487.5,62.5,62.5,199.999,0.2,0.05
1190,229,462.5,87.5,62.5,199.999,0.2,0.05
1191,229,487.5,87.5,62.5,199.996,0.2,0.0500002
1192,229,462.5,62.5,87.5,200,0.2,0.05
1193,229,487.5,62.5,87.5,199.999,0.2,0.05
1194,229,462.5,87.5,87.5,199.999,0.2,0.05
1195,229,487.5,87.5,87.5,199.997,0.2,0.0500002
1196,230,525,75,75,199.986,0.2,0.0500007
1197,231,575,75,75,199.994,0.2,0.0500003
1198,232,625,75,75,199.988,0.2,0.0500006
1199,233,675,75,75,199.999,0.2,0.05
1200,234,725,75,75,200,0.2,0.05
1201,235,762.5,62.5,62.5,200,0.2,0.05
1202,235,787.5,62.5,62.5,200,0.2,0.05
1203,235,762.5,87.5,62.5,200,0.2,0.05
1204,235,787.5,87.5,62.5,200,0.2,0.05
1205,235,762.5,62.5,87.5,200,0.2,0.05
1206,235,787.5,62.5,87.5,200,0.2,0.05
1207,235,762.5,87.5,87.5,200,0.2,0.05
1208,235,787.5,87.5,87.5,200,0.2,0.05
1209,236,812.5,62.5,62.5,200,0.2,0.05
1210,236,837.5,62.5,62.5,200,0.2,0.05
1211,236,812.5,87.5,62.5,200,0.2,0.05
1212,236,837.5,87.5,62.5,200,0.2,0.05
1213,236,812.5,62.5,87.5,200,0.2,0.05
1214,236,837.5,62.5,87.5,200,0.2,0.05
1215,236,812.5,87.5,87.5,200,0.2,0.05
1216,236,837.5,87.5,87.5,200,0.2,0.05
1217,237,875,75,75,200,0.2,0.05
1218,238,925,75,75,200,0.2,0.05
1219,239,975,75,75,200,0.2,0.05
1220,240,25,125,75,200,0.2,0.05
1221,241,75,125,75,200,0.2,0.05
1222,242,112.5,112.5,62.5,200,0.2,0.05
1223,242,137.5,112.5,62.5,200,0.2,0.05
1224,242,112.5,137.5,62.5,200,0.2,0.05
1225,242,137.5,137.5,62.5,200,0.2,0.05
1226,242,112.5,112.5,87.5,200,0.2,0.05
1227,242,137.5,112.5,87.5,200,0.2,0.05
1228,242,112.5,137.5,87.5,200,0.2,0.05
1229,242,137.5,137.5,87.5,200,0.2,0.05
1230,243,162.5,112.5,62.5,200,0.2,0.05
1231,243,187.5,112.5,62.5,200,0.2,0.05
1232,243,162.5,137.5,62.5,200,0.2,0.05
1233,243,187.5,137.5,62.5,200,0.2,0.05
1234,243,162.5,112.5,87.5,200,0.2,0.05
1235,243,187.5,112.5,87.5,200,0.2,0.05
1236,243,162.5,137.5,87.5,200,0.2,0.05
1237,243,187.5,137.5,87.5,200,0.2,0.05
1238,244,212.5,112.5,62.5,200,0.2,0.05
1239,244,237.5,112.5,62.5,200,0.2,0.05
1240,244,212.5,137.5,62.5,200,0.2,0.05
1241,244,237.5,137.5,62.5,200,0.2,0.05
1242,244,212.5,112.5,87.5,200,0.2,0.05
1243,244,237.5,112.5,87.5,200,0.2,0.05
1244,244,212.5,137.5,87.5,200,0.2,0.05
1245,244,237.5,137.5,87.5,200,0.2,0.05
1246,245,275,125,75,200,0.2,0.05
1247,246,325,125,75,199.991,0.2,0.0500005
1248,247,362.5,112.5,62.5,199.922,0.2,0.0500039
1249,247,387.5,112.5,62.5,199.662,0.2,0.0500169
1250,247,362.5,137.5,62.5,199.293,0.2,0.0500354
1251,247,387.5,137.5,62.5,196.105,0.2,0.0501951
1252,247,362.5,112.5,87.5,199.982,0.2,0.0500009
1253,247,387.5,112.5,87.5,199.928,0.2,0.0500036
1254,247,362.5,137.5,87.5,199.846,0.2,0.0500077
1255,247,387.5,137.5,87.5,199.302,0.2,0.0500349
1256,248,412.5,112.5,62.5,199.928,0.2,0.0500036
1257,248,437.5,112.5,62.5,199.99,0.2,0.0500005
1258,248,412.5,137.5,62.5,199.31,0.2,0.0500345
1259,248,437.5,137.5,62.5,199.92,0.2,0.050004
1260,248,412.5,112.5,87.5,199.983,0.2,0.0500008
1261,248,437.5,112.5,87.5,199.997,0.2,0.0500001
1262,248,412.5,137.5,87.5,199.85,0.2,0.0500075
1263,248,437.5,137.5,87.5,199.98,0.2,0.050001
1264,249,462.5,112.5,62.5,199.99,0.2,0.0500005
1265,249,487.5,112.5,62.5,199.942,0.2,0.0500029
1266,249,462.5,137.5,62.5,199.94,0.2,0.050003
1267,249,487.5,137.5,62.5,199.612,0.2,0.0500194
1268,249,462.5,112.5,87.5,199.996,0.2,0.0500002
1269,249,487.5,112.5,87.5,199.961,0.2,0.0500019
1270,249,462.5,137.5,87.5,199.983,0.2,0.0500008
1271,249,487.5,137.5,87.5,199.888,0.2,0.0500056
1272,250,525,125,75,199.455,0.2,0.0500273
1273,251,562.5,112.5,62.5,199.914,0.2,0.0500043
1274,251,587.5,112.5,62.5,199.562,0.2,0.0500219
1275,251,562.5,137.5,62.5,199.691,0.2,0.0500154
1276,251,587.5,137.5,62.5,198.39,0.2,0.0500806
1277,251,562.5,112.5,87.5,199.956,0.2,0.0500022
1278,251,587.5,112.5,87.5,199.933,0.2,0.0500034
1279,251,562.5,137.5,87.5,199.907,0.2,0.0500046
1280,251,587.5,137.5,87.5,199.685,0.2,0.0500158
1281,252,612.5,112.5,62.5,199.038,0.2,0.0500481
1282,252,637.5,112.5,62.5,199.746,0.2,0.0500127
1283,252,612.5,137.5,62.5,193.555,0.2,0.0503232
1284,252,637.5,137.5,62.5,198.978,0.2,0.0500511
1285,252,612.5,112.5,87.5,199.843,0.2,0.0500078
1286,252,637.5,112.5,87.5,199.957,0.2,0.0500022
1287,252,612.5,137.5,87.5,199.004,0.2,0.0500498
1288,252,637.5,137.5,87.5,199.794,0.2,0.0500103
1289,253,675,125,75,199.985,0.2,0.0500008
1290,254,725,125,75,200,0.2,0.05
1291,255,762.5,112.5,62.5,200,0.2,0.05
1292,255,787.5,112.5,62.5,200,0.2,0.05
1293,255,762.5,137.5,62.5,200,0.2,0.05
1294,255,787.5,137.5,62.5,200,0.2,0.05
1295,255,762.5,112.5,87.5,200,0.2,0.05
1296,255,787.5,112.5,87.5,200,0.2,0.05
1297,255,762.5,137.5,87.5,200,0.2,0.05
1298,255,787.5,137.5,87.5,200,0.2,0.05
1299,256,812.5,112.5,62.5,200,0.2,0.05
1300,256,837.5,112.5,62.5,200,0.2,0.05
1301,256,812.5,137.5,62.5,200,0.2,0.05
1302,256,837.5,137.5,62.5,200,0.2,0.05
1303,256,812.5,112.5,87.5,200,0.2,0.05
1304,256,837.5,112.5,87.5,200,0.2,0.05
1305,256,812.5,137.5,87.5,200,0.2,0.05
1306,256,837.5,137.5,87.5,200,0.2,0.05
1307,257,875,125,75,200,0.2,0.05
1308,258,925,125,75,200,0.2,0.05
1309,259,975,125,75,200,0.2,0.05
1310,260,25,175,75,200,0.2,0.05
1311,261,75,175,75,200,0.2,0.05
1312,262,125,175,75,200,0.2,0.05
1313,263,175,175,75,200,0.2,0.05
1314,264,212.5,162.5,62.5,200,0.2,0.05
1315,264,237.5,162.5,62.5,200,0.2,0.05
1316,264,212.5,187.5,62.5,200,0.2,0.05
1317,264,237.5,187.5,62.5,200,0.2,0.05
1318,264,212.5,162.5,87.5,200,0.2,0.05
1319,264,237.5,162.5,87.5,200,0.2,0.05
1320,264,212.5,187.5,87.5,200,0.2,0.05
1321,264,237.5,187.5,87.5,200,0.2,0.05
1322,265,262.5,162.5,62.5,200,0.2,0.05
1323,265,287.5,162.5,62.5,199.994,0.2,0.0500003
1324,265,262.5,187.5,62.5,200,0.2,0.05
1325,265,287.5,187.5,62.5,199.994,0.2,0.0500003
1326,265,262.5,162.5,87.5,200,0.2,0.05
1327,265,287.5,162.5,87.5,199.994,0.2,0.0500003
1328,265,262.5,187.5,87.5,200,0.2,0.05
1329,265,287.5,187.5,87.5,199.994,0.2,0.0500003
1330,266,325,175,75,199.882,0.2,0.0500059
1331,267,362.5,162.5,62.5,195.602,0.2,0.0502203
1332,267,387.5,162.5,62.5,165.424,0.2,0.0517572
1333,267,362.5,187.5,62.5,194.362,0.2,0.0502826
1334,267,387.5,187.5,62.5,161.768,0.2,0.0519464
1335,267,362.5,162.5,87.5,199.183,0.2,0.0500408
1336,267,387.5,162.5,87.5,195.686,0.2,0.0502161
1337,267,362.5,187.5,87.5,198.867,0.2,0.0500567
1338,267,387.5,187.5,87.5,194.631,0.2,0.0502692
1339,268,412.5,162.5,62.5,195.725,0.2,0.0502142
1340,268,437.5,162.5,62.5,199.577,0.2,0.0500212
1341,268,412.5,187.5,62.5,194.781,0.2,0.0502616
1342,268,437.5,187.5,62.5,199.451,0.2,0.0500275
1343,268,412.5,162.5,87.5,199.19,0.2,0.0500405
1344,268,437.5,162.5,87.5,199.901,0.2,0.050005
1345,268,412.5,187.5,87.5,198.648,0.2,0.0500676
1346,268,437.5,187.5,87.5,199.814,0.2,0.0500093
1347,269,462.5,162.5,62.5,199.577,0.2,0.0500212
1348,269,487.5,162.5,62.5,195.694,0.2,0.0502157
1349,269,462.5,187.5,62.5,199.49,0.2,0.0500255
1350,269,487.5,187.5,62.5,195.155,0.2,0.0502428
1351,269,462.5,162.5,87.5,199.905,0.2,0.0500047
1352,269,487.5,162.5,87.5,199.213,0.2,0.0500394
1353,269,462.5,187.5,87.5,199.863,0.2,0.0500068
1354,269,487.5,187.5,87.5,199.082,0.2,0.0500459
1355,270,512.5,162.5,62.5,164.609,0.2,0.0517993
1356,270,537.5,162.5,62.5,195.42,0.2,0.0502295
1357,270,512.5,187.5,62.5,162.328,0.2,0.0519174
1358,270,537.5,187.5,62.5,194.746,0.2,0.0502634
1359,270,512.5,162.5,87.5,195.548,0.2,0.0502231
1360,270,537.5,162.5,87.5,199.135,0.2,0.0500433
1361,270,512.5,187.5,87.5,195.119,0.2,0.0502446
1362,270,537.5,187.5,87.5,199.026,0.2,0.0500487
1363,271,562.5,162.5,62.5,198.178,0.2,0.0500912
1364,271,587.5,162.5,62.5,189.69,0.2,0.050518
1365,271,562.5,187.5,62.5,196.548,0.2,0.0501729
1366,271,587.5,187.5,62.5,187.688,0.2,0.0506192
1367,271,562.5,162.5,87.5,199.648,0.2,0.0500176
1368,271,587.5,162.5,87.5,198.421,0.2,0.050079
1369,271,562.5,187.5,87.5,199.396,0.2,0.0500302
1370,271,587.5,187.5,87.5,197.386,0.2,0.0501308
1371,272,612.5,162.5,62.5,164.829,0.2,0.0517879
1372,272,637.5,162.5,62.5,195.593,0.2,0.0502208
1373,272,612.5,187.5,62.5,160.71,0.2,0.0520012
1374,272,637.5,187.5,62.5,194.945,0.2,0.0502534
1375,272,612.5,162.5,87.5,195.495,0.2,0.0502257
1376,272,637.5,162.5,87.5,199.186,0.2,0.0500407
1377,272,612.5,187.5,87.5,194.766,0.2,0.0502624
1378,272,637.5,187.5,87.5,199.05,0.2,0.0500475
1379,273,662.5,162.5,62.5,199.604,0.2,0.0500198
1380,273,687.5,162.5,62.5,199.966,0.2,0.0500017
1381,273,662.5,187.5,62.5,199.564,0.2,0.0500218
1382,273,687.5,187.5,62.5,199.96,0.2,0.050002
1383,273,662.5,162.5,87.5,199.91,0.2,0.0500045
1384,273,687.5,162.5,87.5,199.99,0.2,0.0500005
1385,273,662.5,187.5,87.5,199.897,0.2,0.0500051
1386,273,687.5,187.5,87.5,199.986,0.2,0.0500007
1387,274,712.5,162.5,62.5,199.998,0.2,0.0500001
1388,274,737.5,162.5,62.5,200,0.2,0.05
1389,274,712.5,187.5,62.5,199.994,0.2,0.0500003
1390,274,737.5,187.5,62.5,199.999,0.2,0.0500001
1391,274,712.5,162.5,87.5,199.999,0.2,0.0500001
1392,274,737.5,162.5,87.5,200,0.2,0.05
1393,274,712.5,187.5,87.5,199.993,0.2,0.0500004
1394,274,737.5,187.5,87.5,199.997,0.2,0.0500002
1395,275,775,175,75,200,0.2,0.05
1396,276,825,175,75,200,0.2,0.05
1397,277,875,175,75,200,0.2,0.05
1398,278,912.5,162.5,62.5,200,0.2,0.05
1399,278,937.5,162.5,62.5,200,0.2,0.05
1400,278,912.5,187.5,62.5,200,0.2,0.05
1401,278,937.5,187.5,62.5,200,0.2,0.05
1402,278,912.5,162.5,87.5,200,0.2,0.05
1403,278,937.5,162.5,87.5,200,0.2,0.05
1404,278,912.5,187.5,87.5,200,0.2,0.05
1405,278,937.5,187.5,87.5,200,0.2,0.05
1406,279,962.5,162.5,62.5,200,0.2,0.05
1407,279,987.5,162.5,62.5,200,0.2,0.05
1408,279,962.5,187.5,62.5,200,0.2,0.05
1409,279,987.5,187.5,62.5,200,0.2,0.05
1410,279,962.5,162.5,87.5,200,0.2,0.05
1411,279,987.5,162.5,87.5,200,0.2,0.05
1412,279,962.5,187.5,87.5,200,0.2,0.05
1413,279,987.5,187.5,87.5,200,0.2,0.05
1414,280,12.5,212.5,62.5,200,0.2,0.05
1415,280,37.5,212.5,62.5,200,0.2,0.05
1416,280,12.5,237.5,62.5,200,0.2,0.05
1417,280,37.5,237.5,62.5,200,0.2,0.05
1418,280,12.5,212.5,87.5,200,0.2,0.05
1419,280,37.5,212.5,87.5,200,0.2,0.05
1420,280,12.5,237.5,87.5,200,0.2,0.05
1421,280,37.5,237.5,87.5,200,0.2,0.05
1422,281,75,225,75,200,0.2,0.05
1423,282,125,225,75,200,0.2,0.05
1424,283,175,225,75,200,0.2,0.05
1425,284,212.5,212.5,62.5,200,0.2,0.05
1426,284,237.5,212.5,62.5,200,0.2,0.05
1427,284,212.5,237.5,62.5,200,0.2,0.05
1428,284,237.5,237.5,62.5,200,0.2,0.05
1429,284,212.5,212.5,87.5,200,0.2,0.05
1430,284,237.5,212.5,87.5,200,0.2,0.05
1431,284,212.5,237.5,87.5,200,0.2,0.05
1432,284,237.5,237.5,87.5,200,0.2,0.05
1433,285,262.5,212.5,62.5,200,0.2,0.05
1434,285,287.5,212.5,62.5,199.993,0.2,0.0500004
1435,285,262.5,237.5,62.5,199.999,0.2,0.05
1436,285,287.5,237.5,62.5,199.991,0.2,0.0500005
1437,285,262.5,212.5,87.5,200,0.2,0.05
1438,285,287.5,212.5,87.5,199.997,0.2,0.0500001
1439,285,262.5,237.5,87.5,200,0.2,0.05
1440,285,287.5,237.5,87.5,199.996,0.2,0.0500002
1441,286,312.5,212.5,62.5,199.895,0.2,0.0500053
1442,286,337.5,212.5,62.5,198.843,0.2,0.0500579
1443,286,312.5,237.5,62.5,199.869,0.2,0.0500066
1444,286,337.5,237.5,62.5,198.797,0.2,0.0500602
1445,286,312.5,212.5,87.5,199.964,0.2,0.0500018
1446,286,337.5,212.5,87.5,199.686,0.2,0.0500157
1447,286,312.5,237.5,87.5,199.941,0.2,0.0500029
1448,286,337.5,237.5,87.5,199.383,0.2,0.0500309
1449,287,362.5,212.5,62.5,188.549,0.2,0.0505757
1450,287,387.5,212.5,62.5,156.665,0.2,0.0522114
1451,287,362.5,237.5,62.5,188.58,0.2,0.0505741
1452,287,387.5,237.5,62.5,156.982,0.2,0.0521949
1453,287,362.5,212.5,87.5,197.709,0.2,0.0501147
1454,287,387.5,212.5,87.5,190.906,0.2,0.0504566
1455,287,362.5,237.5,87.5,196.118,0.2,0.0501945
1456,287,387.5,237.5,87.5,193.291,0.2,0.0503365
1457,288,412.5,212.5,62.5,191.804,0.2,0.0504114
1458,288,437.5,212.5,62.5,199.11,0.2,0.0500445
1459,288,412.5,237.5,62.5,193.07,0.2,0.0503476
1460,288,437.5,237.5,62.5,199.035,0.2,0.0500483
1461,288,412.5,212.5,87.5,195.171,0.2,0.050242
1462,288,437.5,212.5,87.5,199.401,0.2,0.0500299
1463,288,412.5,237.5,87.5,198.291,0.2,0.0500855
1464,288,437.5,237.5,87.5,199.234,0.2,0.0500383
1465,289,462.5,212.5,62.5,199.261,0.2,0.050037
1466,289,487.5,212.5,62.5,194.971,0.2,0.0502521
1467,289,462.5,237.5,62.5,197.398,0.2,0.0501303
1468,289,487.5,237.5,62.5,193.838,0.2,0.050309
1469,289,462.5,212.5,87.5,199.601,0.2,0.0500199
1470,289,487.5,212.5,87.5,198.854,0.2,0.0500573
1471,289,462.5,237.5,87.5,197.597,0.2,0.0501203
1472,289,487.5,237.5,87.5,196.954,0.2,0.0501525
1473,290,512.5,212.5,62.5,162.027,0.2,0.051933
1474,290,537.5,212.5,62.5,194.38,0.2,0.0502817
1475,290,512.5,237.5,62.5,161.292,0.2,0.0519711
1476,290,537.5,237.5,62.5,194.049,0.2,0.0502984
1477,290,512.5,212.5,87.5,195.004,0.2,0.0502504
1478,290,537.5,212.5,87.5,198.982,0.2,0.0500509
1479,290,512.5,237.5,87.5,194.463,0.2,0.0502776
1480,290,537.5,237.5,87.5,198.771,0.2,0.0500615
1481,291,562.5,212.5,62.5,198.15,0.2,0.0500926
1482,291,587.5,212.5,62.5,192.833,0.2,0.0503596
1483,291,562.5,237.5,62.5,198.393,0.2,0.0500804
1484,291,587.5,237.5,62.5,194.766,0.2,0.0502624
1485,291,562.5,212.5,87.5,199.596,0.2,0.0500202
1486,291,587.5,212.5,87.5,198.057,0.2,0.0500972
1487,291,562.5,237.5,87.5,199.671,0.2,0.0500164
1488,291,587.5,237.5,87.5,198.959,0.2,0.0500521
1489,292,612.5,212.5,62.5,161.749,0.2,0.0519474
1490,292,637.5,212.5,62.5,195.045,0.2,0.0502483
1491,292,612.5,237.5,62.5,162.092,0.2,0.0519296
1492,292,637.5,237.5,62.5,195.019,0.2,0.0502496
1493,292,612.5,212.5,87.5,194.934,0.2,0.0502539
1494,292,637.5,212.5,87.5,199.07,0.2,0.0500465
1495,292,612.5,237.5,87.5,195.062,0.2,0.0502475
1496,292,637.5,237.5,87.5,199.078,0.2,0.0500461
1497,293,662.5,212.5,62.5,199.542,0.2,0.0500229
1498,293,687.5,212.5,62.5,199.963,0.2,0.0500019
1499,293,662.5,237.5,62.5,199.54,0.2,0.050023
1500,293,687.5,237.5,62.5,199.961,0.2,0.050002
1501,293,662.5,212.5,87.5,199.897,0.2,0.0500051
1502,293,687.5,212.5,87.5,199.991,0.2,0.0500005
1503,293,662.5,237.5,87.5,199.896,0.2,0.0500052
1504,293,687.5,237.5,87.5,199.986,0.2,0.0500007
1505,294,712.5,212.5,62.5,199.992,0.2,0.0500004
1506,294,737.5,212.5,62.5,199.998,0.2,0.0500001
1507,294,712.5,237.5,62.5,199.997,0.2,0.0500002
1508,294,737.5,237.5,62.5,200,0.2,0.05
1509,294,712.5,212.5,87.5,199.999,0.2,0.0500001
1510,294,737.5,212.5,87.5,200,0.2,0.05
1511,294,712.5,237.5,87.5,199.999,0.2,0.0500001
1512,294,737.5,237.5,87.5,200,0.2,0.05
1513,295,775,225,75,200,0.2,0.05
1514,296,825,225,75,200,0.2,0.05
1515,297,875,225,75,200,0.2,0.05
1516,298,912.5,212.5,62.5,200,0.2,0.05
1517,298,937.5,212.5,62.5,200,0.2,0.05
1518,298,912.5,237.5,62.5,200,0.2,0.05
1519,298,937.5,237.5,62.5,200,0.2,0.05
1520,298,912.5,212.5,87.5,200,0.2,0.05
1521,298,937.5,212.5,87.5,200,0.2,0.05
1522,298,912.5,237.5,87.5,200,0.2,0.05
1523,298,937.5,237.5,87.5,200,0.2,0.05
1524,299,962.5,212.5,62.5,200,0.2,0.05
1525,299,987.5,212.5,62.5,200,0.2,0.05
1526,299,962.5,237.5,62.5,200,0.2,0.05
1527,299,987.5,237.5,62.5,200,0.2,0.05
1528,299,962.5,212.5,87.5,200,0.2,0.05
1529,299,987.5,212.5,87.5,200,0.2,0.05
1530,299,962.5,237.5,87.5,200,0.2,0.05
1531,299,987.5,237.5,87.5,200,0.2,0.05
1532,300,12.5,262.5,62.5,200,0.2,0.05
1533,300,37.5,262.5,62.5,200,0.2,0.05
1534,300,12.5,287.5,62.5,200,0.2,0.05
1535,300,37.5,287.5,62.5,200,0.2,0.05
1536,300,12.5,262.5,87.5,200,0.2,0.05
1537,300,37.5,262.5,87.5,200,0.2,0.05
1538,300,12.5,287.5,87.5,200,0.2,0.05
1539,300,37.5,287.5,87.5,200,0.2,0.05
1540,301,62.5,262.5,62.5,200,0.2,0.05
1541,301,87.5,262.5,62.5,200,0.2,0.05
1542,301,62.5,287.5,62.5,200,0.2,0.05
1543,301,87.5,287.5,62.5,200,0.2,0.05
1544,301,62.5,262.5,87.5,200,0.2,0.05
1545,301,87.5,262.5,87.5,200,0.2,0.05
1546,301,62.5,287.5,87.5,200,0.2,0.05
1547,301,87.5,287.5,87.5,200,0.2,0.05
1548,302,125,275,75,200,0.2,0.05
1549,303,175,275,75,200,0.2,0.05
1550,304,212.5,262.5,62.5,200,0.2,0.05
1551,304,237.5,262.5,62.5,200,0.2,0.05
1552,304,212.5,287.5,62.5,200,0.2,0.05
1553,304,237.5,287.5,62.5,200,0.2,0.05
1554,304,212.5,262.5,87.5,200,0.2,0.05
1555,304,237.5,262.5,87.5,200,0.2,0.05
1556,304,212.5,287.5,87.5,200,0.2,0.05
1557,304,237.5,287.5,87.5,200,0.2,0.05
1558,305,262.5,262.5,62.5,199.999,0.2,0.05
1559,305,287.5,262.5,62.5,199.991,0.2,0.0500005
1560,305,262.5,287.5,62.5,200,0.2,0.05
1561,305,287.5,287.5,62.5,199.996,0.2,0.0500002
1562,305,262.5,262.5,87.5,200,0.2,0.05
1563,305,287.5,262.5,87.5,199.998,0.2,0.0500001
1564,305,262.5,287.5,87.5,200,0.2,0.05
1565,305,287.5,287.5,87.5,199.999,0.2,0.05
1566,306,312.5,262.5,62.5,199.867,0.2,0.0500066
1567,306,337.5,262.5,62.5,199.222,0.2,0.0500389
1568,306,312.5,287.5,62.5,199.946,0.2,0.0500027
1569,306,337.5,287.5,62.5,199.472,0.2,0.0500264
1570,306,312.5,262.5,87.5,199.972,0.2,0.0500014
1571,306,337.5,262.5,87.5,199.763,0.2,0.0500118
1572,306,312.5,287.5,87.5,199.988,0.2,0.0500006
1573,306,337.5,287.5,87.5,199.878,0.2,0.0500061
1574,307,362.5,262.5,62.5,192.828,0.2,0.0503598
1575,307,387.5,262.5,62.5,160.618,0.2,0.052006
1576,307,362.5,287.5,62.5,194.934,0.2,0.0502539
1577,307,387.5,287.5,62.5,162.055,0.2,0.0519315
1578,307,362.5,262.5,87.5,198.284,0.2,0.0500859
1579,307,387.5,262.5,87.5,194.559,0.2,0.0502728
1580,307,362.5,287.5,87.5,199.004,0.2,0.0500498
1581,307,387.5,287.5,87.5,195.03,0.2,0.0502491
1582,308,412.5,262.5,62.5,194.738,0.2,0.0502638
1583,308,437.5,262.5,62.5,199.172,0.2,0.0500414
1584,308,412.5,287.5,62.5,195.088,0.2,0.0502462
1585,308,437.5,287.5,62.5,199.39,0.2,0.0500305
1586,308,412.5,262.5,87.5,198.932,0.2,0.0500534
1587,308,437.5,262.5,87.5,199.626,0.2,0.0500187
1588,308,412.5,287.5,87.5,199.067,0.2,0.0500467
1589,308,437.5,287.5,87.5,199.786,0.2,0.0500107
1590,309,462.5,262.5,62.5,196.729,0.2,0.0501638
1591,309,487.5,262.5,62.5,187.484,0.2,0.0506295
1592,309,462.5,287.5,62.5,198.644,0.2,0.0500678
1593,309,487.5,287.5,62.5,192.747,0.2,0.0503639
1594,309,462.5,262.5,87.5,199.014,0.2,0.0500493
1595,309,487.5,262.5,87.5,195.924,0.2,0.0502042
1596,309,462.5,287.5,87.5,199.01,0.2,0.0500495
1597,309,487.5,287.5,87.5,195.015,0.2,0.0502498
1598,310,512.5,262.5,62.5,160.373,0.2,0.0520187
1599,310,537.5,262.5,62.5,187.833,0.2,0.0506119
1600,310,512.5,287.5,62.5,161.695,0.2,0.0519502
1601,310,537.5,287.5,62.5,193.653,0.2,0.0503183
1602,310,512.5,262.5,87.5,192.013,0.2,0.0504009
1603,310,537.5,262.5,87.5,197.182,0.2,0.0501411
1604,310,512.5,287.5,87.5,192.188,0.2,0.0503921
1605,310,537.5,287.5,87.5,198.207,0.2,0.0500897
1606,311,562.5,262.5,62.5,196.604,0.2,0.0501701
1607,311,587.5,262.5,62.5,194.775,0.2,0.0502619
1608,311,562.5,287.5,62.5,198.594,0.2,0.0500703
1609,311,587.5,287.5,62.5,194.788,0.2,0.0502613
1610,311,562.5,262.5,87.5,199.377,0.2,0.0500311
1611,311,587.5,262.5,87.5,199.017,0.2,0.0500492
1612,311,562.5,287.5,87.5,199.654,0.2,0.0500173
1613,311,587.5,287.5,87.5,199.043,0.2,0.0500479
1614,312,612.5,262.5,62.5,162.13,0.2,0.0519276
1615,312,637.5,262.5,62.5,194.978,0.2,0.0502517
1616,312,612.5,287.5,62.5,162.164,0.2,0.0519259
1617,312,637.5,287.5,62.5,195.014,0.2,0.0502499
1618,312,612.5,262.5,87.5,195.076,0.2,0.0502468
1619,312,637.5,262.5,87.5,199.057,0.2,0.0500472
1620,312,612.5,287.5,87.5,195.083,0.2,0.0502464
1621,312,637.5,287.5,87.5,199.062,0.2,0.0500469
1622,313,675,275,75,199.884,0.2,0.0500058
1623,314,712.5,262.5,62.5,199.994,0.2,0.0500003
1624,314,737.5,262.5,62.5,200,0.2,0.05
1625,314,712.5,287.5,62.5,199.994,0.2,0.0500003
1626,314,737.5,287.5,62.5,199.999,0.2,0.05
1627,314,712.5,262.5,87.5,199.994,0.2,0.0500003
1628,314,737.5,262.5,87.5,200,0.2,0.05
1629,314,712.5,287.5,87.5,199.994,0.2,0.0500003
1630,314,737.5,287.5,87.5,200,0.2,0.05
1631,315,762.5,262.5,62.5,200,0.2,0.05
1632,315,787.5,262.5,62.5,200,0.2,0.05
1633,315,762.5,287.5,62.5,200,0.2,0.05
1634,315,787.5,287.5,62.5,200,0.2,0.05
1635,315,762.5,262.5,87.5,200,0.2,0.05
1636,315,787.5,262.5,87.5,200,0.2,0.05
1637,315,762.5,287.5,87.5,200,0.2,0.05
1638,315,787.5,287.5,87.5,200,0.2,0.05
1639,316,825,275,75,200,0.2,0.05
1640,317,862.5,262.5,62.5,200,0.2,0.05
1641,317,887.5,262.5,62.5,200,0.2,0.05
1642,317,862.5,287.5,62.5,200,0.2,0.05
1643,317,887.5,287.5,62.5,200,0.2,0.05
1644,317,862.5,262.5,87.5,200,0.2,0.05
1645,317,887.5,262.5,87.5,200,0.2,0.05
1646,317,862.5,287.5,87.5,200,0.2,0.05
1647,317,887.5,287.5,87.5,200,0.2,0.05
1648,318,912.5,262.5,62.5,200,0.2,0.05
1649,318,937.5,262.5,62.5,200,0.2,0.05
1650,318,912.5,287.5,62.5,200,0.2,0.05
1651,318,937.5,287.5,62.5,200,0.2,0.05
1652,318,912.5,262.5,87.5,200,0.2,0.05
1653,318,937.5,262.5,87.5,200,0.2,0.05
1654,318,912.5,287.5,87.5,200,0.2,0.05
1655,318,937.5,287.5,87.5,200,0.2,0.05
1656,319,962.5,262.5,62.5,200,0.2,0.05
1657,319,987.5,262.5,62.5,200,0.2,0.05
1658,319,962.5,287.5,62.5,200,0.2,0.05
1659,319,987.5,287.5,62.5,200,0.2,0.05
1660,319,962.5,262.5,87.5,200,0.2,0.05
1661,319,987.5,262.5,87.5,200,0.2,0.05
1662,319,962.5,287.5,87.5,200,0.2,0.05
1663,319,987.5,287.5,87.5,200,0.2,0.05
1664,320,25,325,75,200,0.2,0.05
1665,321,62.5,312.5,62.5,200,0.2,0.05
1666,321,87.5,312.5,62.5,200,0.2,0.05
1667,321,62.5,337.5,62.5,200,0.2,0.05
1668,321,87.5,337.5,62.5,200,0.2,0.05
1669,321,62.5,312.5,87.5,200,0.2,0.05
1670,321,87.5,312.5,87.5,200,0.2,0.05
1671,321,62.5,337.5,87.5,200,0.2,0.05
1672,321,87.5,337.5,87.5,200,0.2,0.05
1673,322,112.5,312.5,62.5,200,0.2,0.05
1674,322,137.5,312.5,62.5,200,0.2,0.05
1675,322,112.5,337.5,62.5,200,0.2,0.05
1676,322,137.5,337.5,62.5,200,0.2,0.05
1677,322,112.5,312.5,87.5,200,0.2,0.05
1678,322,137.5,312.5,87.5,200,0.2,0.05
1679,322,112.5,337.5,87.5,200,0.2,0.05
1680,322,137.5,337.5,87.5,200,0.2,0.05
1681,323,175,325,75,200,0.2,0.05
1682,324,212.5,312.5,62.5,200,0.2,0.05
1683,324,237.5,312.5,62.5,200,0.2,0.05
1684,324,212.5,337.5,62.5,200,0.2,0.05
1685,324,237.5,337.5,62.5,200,0.2,0.05
1686,324,212.5,312.5,87.5,200,0.2,0.05
1687,324,237.5,312.5,87.5,200,0.2,0.05
1688,324,212.5,337.5,87.5,200,0.2,0.05
1689,324,237.5,337.5,87.5,200,0.2,0.05
1690,325,262.5,312.5,62.5,200,0.2,0.05
1691,325,287.5,312.5,62.5,199.998,0.2,0.0500001
1692,325,262.5,337.5,62.5,200,0.2,0.05
1693,325,287.5,337.5,62.5,199.998,0.2,0.0500001
1694,325,262.5,312.5,87.5,200,0.2,0.05
1695,325,287.5,312.5,87.5,199.999,0.2,0.05
1696,325,262.5,337.5,87.5,200,0.2,0.05
1697,325,287.5,337.5,87.5,199.999,0.2,0.05
1698,326,312.5,312.5,62.5,199.962,0.2,0.0500019
1699,326,337.5,312.5,62.5,199.55,0.2,0.0500225
1700,326,312.5,337.5,62.5,199.968,0.2,0.0500016
1701,326,337.5,337.5,62.5,199.621,0.2,0.0500189
1702,326,312.5,312.5,87.5,199.991,0.2,0.0500004
1703,326,337.5,312.5,87.5,199.899,0.2,0.050005
1704,326,312.5,337.5,87.5,199.992,0.2,0.0500004
1705,326,337.5,337.5,87.5,199.915,0.2,0.0500042
1706,327,362.5,312.5,62.5,195.236,0.2,0.0502387
1707,327,387.5,312.5,62.5,162.455,0.2,0.0519108
1708,327,362.5,337.5,62.5,195.778,0.2,0.0502115
1709,327,387.5,337.5,62.5,165.514,0.2,0.0517525
1710,327,362.5,312.5,87.5,199.104,0.2,0.0500448
1711,327,387.5,312.5,87.5,195.151,0.2,0.050243
1712,327,362.5,337.5,87.5,199.232,0.2,0.0500384
1713,327,387.5,337.5,87.5,195.739,0.2,0.0502135
1714,328,412.5,312.5,62.5,195.178,0.2,0.0502417
1715,328,437.5,312.5,62.5,199.494,0.2,0.0500253
1716,328,412.5,337.5,62.5,195.692,0.2,0.0502158
1717,328,437.5,337.5,62.5,199.562,0.2,0.0500219
1718,328,412.5,312.5,87.5,199.102,0.2,0.0500449
1719,328,437.5,312.5,87.5,199.875,0.2,0.0500062
1720,328,412.5,337.5,87.5,199.211,0.2,0.0500394
1721,328,437.5,337.5,87.5,199.898,0.2,0.0500051
1722,329,462.5,312.5,62.5,199.396,0.2,0.0500302
1723,329,487.5,312.5,62.5,194.911,0.2,0.0502551
1724,329,462.5,337.5,62.5,199.506,0.2,0.0500247
1725,329,487.5,337.5,62.5,195.44,0.2,0.0502285
1726,329,462.5,312.5,87.5,199.774,0.2,0.0500113
1727,329,487.5,312.5,87.5,198.653,0.2,0.0500674
1728,329,462.5,337.5,87.5,199.879,0.2,0.050006
1729,329,487.5,337.5,87.5,199.089,0.2,0.0500456
1730,330,512.5,312.5,62.5,162.354,0.2,0.0519161
1731,330,537.5,312.5,62.5,194.82,0.2,0.0502596
1732,330,512.5,337.5,62.5,166.015,0.2,0.0517266
1733,330,537.5,337.5,62.5,194.328,0.2,0.0502844
1734,330,512.5,312.5,87.5,194.787,0.2,0.0502613
1735,330,537.5,312.5,87.5,198.88,0.2,0.050056
1736,330,512.5,337.5,87.5,195.366,0.2,0.0502322
1737,330,537.5,337.5,87.5,198.212,0.2,0.0500895
1738,331,562.5,312.5,62.5,198.906,0.2,0.0500547
1739,331,587.5,312.5,62.5,194.592,0.2,0.0502711
1740,331,562.5,337.5,62.5,198.732,0.2,0.0500634
1741,331,587.5,337.5,62.5,194.238,0.2,0.0502889
1742,331,562.5,312.5,87.5,199.748,0.2,0.0500126
1743,331,587.5,312.5,87.5,199.032,0.2,0.0500484
1744,331,562.5,337.5,87.5,199.655,0.2,0.0500173
1745,331,587.5,337.5,87.5,199.04,0.2,0.050048
1746,332,612.5,312.5,62.5,162.573,0.2,0.0519047
1747,332,637.5,312.5,62.5,195.169,0.2,0.0502421
1748,332,612.5,337.5,62.5,165.547,0.2,0.0517508
1749,332,637.5,337.5,62.5,195.73,0.2,0.050214
1750,332,612.5,312.5,87.5,195.141,0.2,0.0502435
1751,332,637.5,312.5,87.5,199.117,0.2,0.0500442
1752,332,612.5,337.5,87.5,195.701,0.2,0.0502154
1753,332,637.5,337.5,87.5,199.267,0.2,0.0500367
1754,333,662.5,312.5,62.5,199.558,0.2,0.0500221
1755,333,687.5,312.5,62.5,199.949,0.2,0.0500025
1756,333,662.5,337.5,62.5,199.607,0.2,0.0500196
1757,333,687.5,337.5,62.5,199.956,0.2,0.0500022
1758,333,662.5,312.5,87.5,199.888,0.2,0.0500056
1759,333,687.5,312.5,87.5,199.985,0.2,0.0500007
1760,333,662.5,337.5,87.5,199.882,0.2,0.0500059
1761,333,687.5,337.5,87.5,199.99,0.2,0.0500005
1762,334,712.5,312.5,62.5,199.994,0.2,0.0500003
1763,334,737.5,312.5,62.5,200,0.2,0.05
1764,334,712.5,337.5,62.5,199.997,0.2,0.0500002
1765,334,737.5,337.5,62.5,200,0.2,0.05
1766,334,712.5,312.5,87.5,199.999,0.2,0.0500001
1767,334,737.5,312.5,87.5,200,0.2,0.05
1768,334,712.5,337.5,87.5,199.999,0.2,0.05
1769,334,737.5,337.5,87.5,200,0.2,0.05
1770,335,762.5,312.5,62.5,200,0.2,0.05
1771,335,787.5,312.5,62.5,200,0.2,0.05
1772,335,762.5,337.5,62.5,200,0.2,0.05
1773,335,787.5,337.5,62.5,200,0.2,0.05
1774,335,762.5,312.5,87.5,200,0.2,0.05
1775,335,787.5,312.5,87.5,200,0.2,0.05
1776,335,762.5,337.5,87.5,200,0.2,0.05
1777,335,787.5,337.5,87.5,200,0.2,0.05
1778,336,825,325,75,200,0.2,0.05
1779,337,862.5,312.5,62.5,200,0.2,0.05
1780,337,887.5,312.5,62.5,200,0.2,0.05
1781,337,862.5,337.5,62.5,200,0.2,0.05
1782,337,887.5,337.5,62.5,200,0.2,0.05
1783,337,862.5,312.5,87.5,200,0.2,0.05
1784,337,887.5,312.5,87.5,200,0.2,0.05
1785,337,862.5,337.5,87.5,200,0.2,0.05
1786,337,887.5,337.5,87.5,200,0.2,0.05
1787,338,912.5,312.5,62.5,200,0.2,0.05
1788,338,937.5,312.5,62.5,200,0.2,0.05
1789,338,912.5,337.5,62.5,200,0.2,0.05
1790,338,937.5,337.5,62.5,200,0.2,0.05
1791,338,912.5,312.5,87.5,200,0.2,0.05
1792,338,937.5,312.5,87.5,200,0.2,0.05
1793,338,912.5,337.5,87.5,200,0.2,0.05
1794,338,937.5,337.5,87.5,200,0.2,0.05
1795,339,962.5,312.5,62.5,200,0.2,0.05
1796,339,987.5,312.5,62.5,200,0.2,0.05
1797,339,962.5,337.5,62.5,200,0.2,0.05
1798,339,987.5,337.5,62.5,200,0.2,0.05
1799,339,962.5,312.5,87.5,200,0.2,0.05
1800,339,987.5,312.5,87.5,200,0.2,0.05
1801,339,962.5,337.5,87.5,200,0.2,0.05
1802,339,987.5,337.5,87.5,200,0.2,0.05
1803,340,25,375,75,200,0.2,0.05
1804,341,62.5,362.5,62.5,200,0.2,0.05
1805,341,87.5,362.5,62.5,200,0.2,0.05
1806,341,62.5,387.5,62.5,200,0.2,0.05
1807,341,87.5,387.5,62.5,200,0.2,0.05
1808,341,62.5,362.5,87.5,200,0.2,0.05
1809,341,87.5,362.5,87.5,200,0.2,0.05
1810,341,62.5,387.5,87.5,200,0.2,0.05
1811,341,87.5,387.5,87.5,200,0.2,0.05
1812,342,112.5,362.5,62.5,200,0.2,0.05
1813,342,137.5,362.5,62.5,200,0.2,0.05
1814,342,112.5,387.5,62.5,200,0.2,0.05
1815,342,137.5,387.5,62.5,200,0.2,0.05
1816,342,112.5,362.5,87.5,200,0.2,0.05
1817,342,137.5,362.5,87.5,200,0.2,0.05
1818,342,112.5,387.5,87.5,200,0.2,0.05
1819,342,137.5,387.5,87.5,200,0.2,0.05
1820,343,162.5,362.5,62.5,200,0.2,0.05
1821,343,187.5,362.5,62.5,200,0.2,0.05
1822,343,162.5,387.5,62.5,200,0.2,0.05
1823,343,187.5,387.5,62.5,200,0.2,0.05
1824,343,162.5,362.5,87.5,200,0.2,0.05
1825,343,187.5,362.5,87.5,200,0.2,0.05
1826,343,162.5,387.5,87.5,200,0.2,0.05
1827,343,187.5,387.5,87.5,200,0.2,0.05
1828,344,212.5,362.5,62.5,200,0.2,0.05
1829,344,237.5,362.5,62.5,200,0.2,0.05
1830,344,212.5,387.5,62.5,200,0.2,0.05
1831,344,237.5,387.5,62.5,200,0.2,0.05
1832,344,212.5,362.5,87.5,200,0.2,0.05
1833,344,237.5,362.5,87.5,200,0.2,0.05
1834,344,212.5,387.5,87.5,200,0.2,0.05
1835,344,237.5,387.5,87.5,200,0.2,0.05
1836,345,262.5,362.5,62.5,200,0.2,0.05
1837,345,287.5,362.5,62.5,199.999,0.2,0.05
1838,345,262.5,387.5,62.5,200,0.2,0.05
1839,345,287.5,387.5,62.5,200,0.2,0.05
1840,345,262.5,362.5,87.5,200,0.2,0.05
1841,345,287.5,362.5,87.5,200,0.2,0.05
1842,345,262.5,387.5,87.5,200,0.2,0.05
1843,345,287.5,387.5,87.5,200,0.2,0.05
1844,346,325,375,75,199.99,0.2,0.0500005
1845,347,362.5,362.5,62.5,199.322,0.2,0.0500339
1846,347,387.5,362.5,62.5,196.05,0.2,0.0501979
1847,347,362.5,387.5,62.5,199.901,0.2,0.0500049
1848,347,387.5,387.5,62.5,199.647,0.2,0.0500176
1849,347,362.5,362.5,87.5,199.841,0.2,0.0500079
1850,347,387.5,362.5,87.5,199.294,0.2,0.0500353
1851,347,362.5,387.5,87.5,199.968,0.2,0.0500016
1852,347,387.5,387.5,87.5,199.915,0.2,0.0500042
1853,348,425,375,75,199.88,0.2,0.050006
1854,349,462.5,362.5,62.5,199.446,0.2,0.0500277
1855,349,487.5,362.5,62.5,196.123,0.2,0.0501942
1856,349,462.5,387.5,62.5,198.38,0.2,0.0500811
1857,349,487.5,387.5,62.5,194.359,0.2,0.0502828
1858,349,462.5,362.5,87.5,199.873,0.2,0.0500063
1859,349,487.5,362.5,87.5,199.239,0.2,0.0500381
1860,349,462.5,387.5,87.5,199.772,0.2,0.0500114
1861,349,487.5,387.5,87.5,199.299,0.2,0.0500351
1862,350,512.5,362.5,62.5,191.714,0.2,0.0504159
1863,350,537.5,362.5,62.5,198.339,0.2,0.0500831
1864,350,512.5,387.5,62.5,198.239,0.2,0.0500881
1865,350,537.5,387.5,62.5,199.689,0.2,0.0500156
1866,350,512.5,362.5,87.5,196.825,0.2,0.050159
1867,350,537.5,362.5,87.5,196.674,0.2,0.0501665
1868,350,512.5,387.5,87.5,199.469,0.2,0.0500265
1869,350,537.5,387.5,87.5,199.599,0.2,0.05002
1870,351,562.5,362.5,62.5,199.178,0.2,0.0500411
1871,351,587.5,362.5,62.5,196.432,0.2,0.0501787
1872,351,562.5,387.5,62.5,199.854,0.2,0.0500073
1873,351,587.5,387.5,62.5,199.477,0.2,0.0500262
1874,351,562.5,362.5,87.5,199.553,0.2,0.0500224
1875,351,587.5,362.5,87.5,199.516,0.2,0.0500242
1876,351,562.5,387.5,87.5,199.921,0.2,0.050004
1877,351,587.5,387.5,87.5,199.913,0.2,0.0500044
1878,352,612.5,362.5,62.5,195.943,0.2,0.0502032
1879,352,637.5,362.5,62.5,199.286,0.2,0.0500357
1880,352,612.5,387.5,62.5,199.598,0.2,0.0500201
1881,352,637.5,387.5,62.5,199.896,0.2,0.0500052
1882,352,612.5,362.5,87.5,199.274,0.2,0.0500363
1883,352,637.5,362.5,87.5,199.822,0.2,0.0500089
1884,352,612.5,387.5,87.5,199.915,0.2,0.0500042
1885,352,637.5,387.5,87.5,199.978,0.2,0.0500011
1886,353,662.5,362.5,62.5,199.92,0.2,0.050004
1887,353,687.5,362.5,62.5,199.99,0.2,0.0500005
1888,353,662.5,387.5,62.5,199.986,0.2,0.0500007
1889,353,687.5,387.5,62.5,199.999,0.2,0.0500001
1890,353,662.5,362.5,87.5,199.971,0.2,0.0500015
1891,353,687.5,362.5,87.5,199.997,0.2,0.0500001
1892,353,662.5,387.5,87.5,199.997,0.2,0.0500002
1893,353,687.5,387.5,87.5,200,0.2,0.05
1894,354,725,375,75,200,0.2,0.05
1895,355,775,375,75,200,0.2,0.05
1896,356,825,375,75,200,0.2,0.05
1897,357,875,375,75,200,0.2,0.05
1898,358,912.5,362.5,62.5,200,0.2,0.05
1899,358,937.5,362.5,62.5,200,0.2,0.05
1900,358,912.5,387.5,62.5,200,0.2,0.05
1901,358,937.5,387.5,62.5,200,0.2,0.05
1902,358,912.5,362.5,87.5,200,0.2,0.05
1903,358,937.5,362.5,87.5,200,0.2,0.05
1904,358,912.5,387.5,87.5,200,0.2,0.05
1905,358,937.5,387.5,87.5,200,0.2,0.05
1906,359,962.5,362.5,62.5,200,0.2,0.05
1907,359,987.5,362.5,62.5,200,0.2,0.05
1908,359,962.5,387.5,62.5,200,0.2,0.05
1909,359,987.5,387.5,62.5,200,0.2,0.05
1910,359,962.5,362.5,87.5,200,0.2,0.05
1911,359,987.5,362.5,87.5,200,0.2,0.05
1912,359,962.5,387.5,87.5,200,0.2,0.05
1913,359,987.5,387.5,87.5,200,0.2,0.05
1914,360,12.5,412.5,62.5,200,0.2,0.05
1915,360,37.5,412.5,62.5,200,0.2,0.05
1916,360,12.5,437.5,62.5,200,0.2,0.05
1917,360,37.5,437.5,62.5,200,0.2,0.05
1918,360,12.5,412.5,87.5,200,0.2,0.05
1919,360,37.5,412.5,87.5,200,0.2,0.05
1920,360,12.5,437.5,87.5,200,0.2,0.05
1921,360,37.5,437.5,87.5,200,0.2,0.05
1922,361,62.5,412.5,62.5,200,0.2,0.05
1923,361,87.5,412.5,62.5,200,0.2,0.05
1924,361,62.5,437.5,62.5,200,0.2,0.05
1925,361,87.5,437.5,62.5,200,0.2,0.05
1926,361,62.5,412.5,87.5,200,0.2,0.05
1927,361,87.5,412.5,87.5,200,0.2,0.05
1928,361,62.5,437.5,87.5,200,0.2,0.05
1929,361,87.5,437.5,87.5,200,0.2,0.05
1930,362,112.5,412.5,62.5,200,0.2,0.05
1931,362,137.5,412.5,62.5,200,0.2,0.05
1932,362,112.5,437.5,62.5,200,0.2,0.05
1933,362,137.5,437.5,62.5,200,0.2,0.05
1934,362,112.5,412.5,87.5,200,0.2,0.05
1935,362,137.5,412.5,87.5,200,0.2,0.05
1936,362,112.5,437.5,87.5,200,0.2,0.05
1937,362,137.5,437.5,87.5,200,0.2,0.05
1938,363,162.5,412.5,62.5,200,0.2,0.05
1939,363,187.5,412.5,62.5,200,0.2,0.05
1940,363,162.5,437.5,62.5,200,0.2,0.05
1941,363,187.5,437.5,62.5,200,0.2,0.05
1942,363,162.5,412.5,87.5,200,0.2,0.05
1943,363,187.5,412.5,87.5,200,0.2,0.05
1944,363,162.5,437.5,87.5,200,0.2,0.05
1945,363,187.5,437.5,87.5,200,0.2,0.05
1946,364,212.5,412.5,62.5,200,0.2,0.05
1947,364,237.5,412.5,62.5,200,0.2,0.05
1948,364,212.5,437.5,62.5,200,0.2,0.05
1949,364,237.5,437.5,62.5,200,0.2,0.05
1950,364,212.5,412.5,87.5,200,0.2,0.05
1951,364,237.5,412.5,87.5,200,0.2,0.05
1952,364,212.5,437.5,87.5,200,0.2,0.05
1953,364,237.5,437.5,87.5,200,0.2,0.05
1954,365,262.5,412.5,62.5,200,0.2,0.05
1955,365,287.5,412.5,62.5,200,0.2,0.05
1956,365,262.5,437.5,62.5,200,0.2,0.05
1957,365,287.5,437.5,62.5,200,0.2,0.05
1958,365,262.5,412.5,87.5,200,0.2,0.05
1959,365,287.5,412.5,87.5,200,0.2,0.05
1960,365,262.5,437.5,87.5,200,0.2,0.05
1961,365,287.5,437.5,87.5,200,0.2,0.05
1962,366,325,425,75,200,0.2,0.05
1963,367,362.5,412.5,62.5,199.993,0.2,0.0500004
1964,367,387.5,412.5,62.5,199.975,0.2,0.0500013
1965,367,362.5,437.5,62.5,199.999,0.2,0.05
1966,367,387.5,437.5,62.5,199.998,0.2,0.0500001
1967,367,362.5,412.5,87.5,199.997,0.2,0.0500001
1968,367,387.5,412.5,87.5,199.993,0.2,0.0500003
1969,367,362.5,437.5,87.5,200,0.2,0.05
1970,367,387.5,437.5,87.5,199.999,0.2,0.05
1971,368,412.5,412.5,62.5,199.987,0.2,0.0500007
1972,368,437.5,412.5,62.5,199.929,0.2,0.0500035
1973,368,412.5,437.5,62.5,199.986,0.2,0.0500007
1974,368,437.5,437.5,62.5,199.859,0.2,0.0500071
1975,368,412.5,412.5,87.5,199.992,0.2,0.0500004
1976,368,437.5,412.5,87.5,199.982,0.2,0.0500009
1977,368,412.5,437.5,87.5,199.997,0.2,0.0500001
1978,368,437.5,437.5,87.5,199.982,0.2,0.0500009
1979,369,462.5,412.5,62.5,199.414,0.2,0.0500293
1980,369,487.5,412.5,62.5,198.393,0.2,0.0500804
1981,369,462.5,437.5,62.5,199.663,0.2,0.0500169
1982,369,487.5,437.5,62.5,199.682,0.2,0.0500159
1983,369,462.5,412.5,87.5,199.912,0.2,0.0500044
1984,369,487.5,412.5,87.5,199.777,0.2,0.0500111
1985,369,462.5,437.5,87.5,199.957,0.2,0.0500022
1986,369,487.5,437.5,87.5,199.949,0.2,0.0500026
1987,370,525,425,75,199.951,0.2,0.0500024
1988,371,562.5,412.5,62.5,199.985,0.2,0.0500008
1989,371,587.5,412.5,62.5,199.955,0.2,0.0500022
1990,371,562.5,437.5,62.5,199.996,0.2,0.0500002
1991,371,587.5,437.5,62.5,199.996,0.2,0.0500002
1992,371,562.5,412.5,87.5,199.991,0.2,0.0500004
1993,371,587.5,412.5,87.5,199.991,0.2,0.0500005
1994,371,562.5,437.5,87.5,199.997,0.2,0.0500002
1995,371,587.5,437.5,87.5,199.999,0.2,0.0500001
1996,372,612.5,412.5,62.5,199.966,0.2,0.0500017
1997,372,637.5,412.5,62.5,199.985,0.2,0.0500007
1998,372,612.5,437.5,62.5,199.997,0.2,0.0500001
1999,372,637.5,437.5,62.5,199.998,0.2,0.0500001
2000,372,612.5,412.5,87.5,199.992,0.2,0.0500004
2001,372,637.5,412.5,87.5,199.998,0.2,0.0500001
2002,372,612.5,437.5,87.5,199.999,0.2,0.05
2003,372,637.5,437.5,87.5,200,0.2,0.05
2004,373,662.5,412.5,62.5,199.998,0.2,0.0500001
2005,373,687.5,412.5,62.5,200,0.2,0.05
2006,373,662.5,437.5,62.5,200,0.2,0.05
2007,373,687.5,437.5,62.5,200,0.2,0.05
2008,373,662.5,412.5,87.5,200,0.2,0.05
2009,373,687.5,412.5,87.5,200,0.2,0.05
2010,373,662.5,437.5,87.5,200,0.2,0.05
2011,373,687.5,437.5,87.5,200,0.2,0.05
2012,374,712.5,412.5,62.5,200,0.2,0.05
2013,374,737.5,412.5,62.5,200,0.2,0.05
2014,374,712.5,437.5,62.5,200,0.2,0.05
2015,374,737.5,437.5,62.5,200,0.2,0.05
2016,374,712.5,412.5,87.5,200,0.2,0.05
2017,374,737.5,412.5,87.5,200,0.2,0.05
2018,374,712.5,437.5,87.5,200,0.2,0.05
2019,374,737.5,437.5,87.5,200,0.2,0.05
2020,375,762.5,412.5,62.5,200,0.2,0.05
2021,375,787.5,412.5,62.5,200,0.2,0.05
2022,375,762.5,437.5,62.5,200,0.2,0.05
2023,375,787.5,437.5,62.5,200,0.2,0.05
2024,375,762.5,412.5,87.5,200,0.2,0.05
2025,375,787.5,412.5,87.5,200,0.2,0.05
2026,375,762.5,437.5,87.5,200,0.2,0.05
2027,375,787.5,437.5,87.5,200,0.2,0.05
2028,376,812.5,412.5,62.5,200,0.2,0.05
2029,376,837.5,412.5,62.5,200,0.2,0.05
2030,376,812.5,437.5,62.5,200,0.2,0.05
2031,376,837.5,437.5,62.5,200,0.2,0.05
2032,376,812.5,412.5,87.5,200,0.2,0.05
2033,376,837.5,412.5,87.5,200,0.2,0.05
2034,376,812.5,437.5,87.5,200,0.2,0.05
2035,376,837.5,437.5,87.5,200,0.2,0.05
2036,377,862.5,412.5,62.5,200,0.2,0.05
2037,377,887.5,412.5,62.5,200,0.2,0.05
2038,377,862.5,437.5,62.5,200,0.2,0.05
2039,377,887.5,437.5,62.5,200,0.2,0.05
2040,377,862.5,412.5,87.5,200,0.2,0.05
2041,377,887.5,412.5,87.5,200,0.2,0.05
2042,377,862.5,437.5,87.5,200,0.2,0.05
2043,377,887.5,437.5,87.5,200,0.2,0.05
2044,378,925,425,75,200,0.2,0.05
2045,379,962.5,412.5,62.5,200,0.2,0.05
2046,379,987.5,412.5,62.5,200,0.2,0.05
2047,379,962.5,437.5,62.5,200,0.2,0.05
2048,379,987.5,437.5,62.5,200,0.2,0.05
2049,379,962.5,412.5,87.5,200,0.2,0.05
2050,379,987.5,412.5,87.5,200,0.2,0.05
2051,379,962.5,437.5,87.5,200,0.2,0.05
2052,379,987.5,437.5,87.5,200,0.2,0.05
2053,380,12.5,462.5,62.5,200,0.2,0.05
2054,380,37.5,462.5,62.5,200,0.2,0.05
2055,380,12.5,487.5,62.5,200,0.2,0.05
2056,380,37.5,487.5,62.5,200,0.2,0.05
2057,380,12.5,462.5,87.5,200,0.2,0.05
2058,380,37.5,462.5,87.5,200,0.2,0.05
2059,380,12.5,487.5,87.5,200,0.2,0.05
2060,380,37.5,487.5,87.5,200,0.2,0.05
2061,381,62.5,462.5,62.5,200,0.2,0.05
2062,381,87.5,462.5,62.5,200,0.2,0.05
2063,381,62.5,487.5,62.5,200,0.2,0.05
2064,381,87.5,487.5,62.5,200,0.2,0.05
2065,381,62.5,462.5,87.5,200,0.2,0.05
2066,381,87.5,462.5,87.5,200,0.2,0.05
2067,381,62.5,487.5,87.5,200,0.2,0.05
2068,381,87.5,487.5,87.5,200,0.2,0.05
2069,382,125,475,75,200,0.2,0.05
2070,383,175,475,75,200,0.2,0.05
2071,384,225,475,75,200,0.2,0.05
2072,385,275,475,75,200,0.2,0.05
2073,386,325,475,75,200,0.2,0.05
2074,387,362.5,462.5,62.5,200,0.2,0.05
2075,387,387.5,462.5,62.5,200,0.2,0.05
2076,387,362.5,487.5,62.5,200,0.2,0.05
2077,387,387.5,487.5,62.5,200,0.2,0.05
2078,387,362.5,462.5,87.5,200,0.2,0.05
2079,387,387.5,462.5,87.5,200,0.2,0.05
2080,387,362.5,487.5,87.5,200,0.2,0.05
2081,387,387.5,487.5,87.5,200,0.2,0.05
2082,388,425,475,75,199.998,0.2,0.0500001
2083,389,475,475,75,199.992,0.2,0.0500004
2084,390,525,475,75,199.999,0.2,0.0500001
2085,391,562.5,462.5,62.5,200,0.2,0.05
2086,391,587.5,462.5,62.5,200,0.2,0.05
2087,391,562.5,487.5,62.5,200,0.2,0.05
2088,391,587.5,487.5,62.5,200,0.2,0.05
2089,391,562.5,462.5,87.5,200,0.2,0.05
2090,391,587.5,462.5,87.5,200,0.2,0.05
2091,391,562.5,487.5,87.5,200,0.2,0.05
2092,391,587.5,487.5,87.5,200,0.2,0.05
2093,392,625,475,75,200,0.2,0.05
2094,393,675,475,75,200,0.2,0.05
2095,394,725,475,75,200,0.2,0.05
2096,395,762.5,462.5,62.5,200,0.2,0.05
2097,395,787.5,462.5,62.5,200,0.2,0.05
2098,395,762.5,487.5,62.5,200,0.2,0.05
2099,395,787.5,487.5,62.5,200,0.2,0.05
2100,395,762.5,462.5,87.5,200,0.2,0.05
2101,395,787.5,462.5,87.5,200,0.2,0.05
2102,395,762.5,487.5,87.5,200,0.2,0.05
2103,395,787.5,487.5,87.5,200,0.2,0.05
2104,396,812.5,462.5,62.5,200,0.2,0.05
2105,396,837.5,462.5,62.5,200,0.2,0.05
2106,396,812.5,487.5,62.5,200,0.2,0.05
2107,396,837.5,487.5,62.5,200,0.2,0.05
2108,396,812.5,462.5,87.5,200,0.2,0.05
2109,396,837.5,462.5,87.5,200,0.2,0.05
2110,396,812.5,487.5,87.5,200,0.2,0.05
2111,396,837.5,487.5,87.5,200,0.2,0.05
2112,397,875,475,75,200,0.2,0.05
2113,398,925,475,75,200,0.2,0.05
2114,399,975,475,75,200,0.2,0.05
