Time,CumOil,CumWater,CumGas,AvgPressure,DT,nLeaf,nSeg,Qo,Qw,Qg
1e-05,0.0251822,3.24155e-14,0.00012938,200,1e-05,2353,1175,2518.22,3.24155e-09,12.938
1.70711e-05,0.0338962,4.3633e-14,0.000173778,200,7.07107e-06,2353,1175,1232.34,1.58639e-09,6.27889
2.93185e-05,0.0452593,5.82593e-14,0.00023115,200,1.22474e-05,2353,1175,927.794,1.19423e-09,4.6844
4.43185e-05,0.0564462,7.26577e-14,0.000287209,200,1.5e-05,2353,1175,745.797,9.59892e-10,3.73725
6.55317e-05,0.0694131,8.93454e-14,0.000351714,200,2.12132e-05,2353,1175,611.262,7.86668e-10,3.04081
9.55317e-05,0.0846351,1.08934e-13,0.000426901,200,3e-05,2353,1175,507.403,6.52947e-10,2.50622
0.000137958,0.102614,1.32068e-13,0.00051509,200,4.24264e-05,2353,1175,423.769,5.45277e-10,2.07865
0.000197958,0.123773,1.59291e-13,0.000618192,200,6e-05,2353,1175,352.641,4.53715e-10,1.71836
0.000282811,0.148318,1.90869e-13,0.00073708,200,8.48528e-05,2353,1175,289.271,3.72154e-10,1.40111
0.000402811,0.176256,2.26809e-13,0.0008717,200,0.00012,2353,1175,232.814,2.995e-10,1.12183
0.000572517,0.207746,2.67317e-13,0.00102278,200,0.000169706,2353,1175,185.558,2.38695e-10,0.890268
0.000812517,0.243828,3.13729e-13,0.00119525,200,0.00024,2353,1175,150.341,1.93384e-10,0.718601
0.00115193,0.287242,3.69571e-13,0.00140199,200,0.000339411,2353,1175,127.911,1.64525e-10,0.609127
0.00163193,0.34296,4.41233e-13,0.0016662,199.999,0.00048,2353,1175,116.078,1.49296e-10,0.550433
0.00235193,0.422824,5.43943e-13,0.00204265,199.999,0.00072,2353,1175,110.922,1.42653e-10,0.522854
0.00343193,0.540686,6.95502e-13,0.00259333,199.998,0.00108,2353,1175,109.131,1.40333e-10,0.509885
0.00505193,0.716517,9.21563e-13,0.00340398,199.998,0.00162,2353,1175,108.538,1.39543e-10,0.500402
0.00748193,0.979597,1.2597e-12,0.00459279,199.996,0.00243,2353,1175,108.263,1.39153e-10,0.48922
0.0111269,1.37357,1.76588e-12,0.0063206,199.995,0.003645,2353,1175,108.086,1.38868e-10,0.474025
0.0165944,1.96386,2.52384e-12,0.00879867,199.992,0.0054675,2353,1175,107.964,1.38631e-10,0.453236
0.0247957,2.84857,3.65895e-12,0.0122886,199.988,0.00820125,2353,1175,107.875,1.38406e-10,0.425537
0.0370976,4.17459,5.35843e-12,0.0170884,199.981,0.0123019,2353,1175,107.79,1.38148e-10,0.390171
0.0555504,6.16144,7.90139e-12,0.0234984,199.972,0.0184528,2353,1175,107.672,1.37809e-10,0.347372
0.0832296,9.13659,1.17029e-11,0.0317643,199.958,0.0276792,2353,1175,107.486,1.37343e-10,0.29863
0.124748,13.5868,1.73784e-11,0.0420042,199.937,0.0415188,2353,1175,107.186,1.36696e-10,0.246634
0.187027,20.2325,2.58356e-11,0.0541379,199.905,0.0622782,2353,1175,106.709,1.35797e-10,0.19483
0.280444,30.1318,3.84042e-11,0.0677482,199.859,0.0934174,2353,1175,105.968,1.34543e-10,0.145694
0.412556,43.9916,5.59623e-11,0.0816315,199.793,0.132112,2353,1175,104.91,1.32903e-10,0.105087
0.599391,63.315,8.03911e-11,0.0953166,199.702,0.186835,2353,1175,103.425,1.30751e-10,0.0732476
0.863615,90.1035,1.14195e-10,0.108468,199.577,0.264224,2353,1175,101.386,1.27936e-10,0.0497718
1.23728,126.964,1.60638e-10,0.121099,199.404,0.373669,2353,1175,98.6455,1.24289e-10,0.0338048
1.76573,177.198,2.23863e-10,0.133954,199.17,0.528448,2353,1175,95.0591,1.19642e-10,0.0243254
2.51307,244.841,3.0896e-10,0.149272,198.856,0.747339,2353,1175,90.5119,1.13868e-10,0.0204962
3.56997,334.645,4.21975e-10,0.172457,198.44,1.0569,2353,1175,84.9691,1.06931e-10,0.0219376
5.06465,452.023,5.69857e-10,0.214961,197.9,1.49468,2353,1175,78.5309,9.8939e-11,0.0284367
7.17844,603.089,7.60492e-10,0.297001,197.207,2.11379,2353,1175,71.4666,9.0186e-11,0.0388118
10.1678,794.969,1.00307e-09,0.447826,196.331,2.98936,2353,1175,64.1879,8.11467e-11,0.0504538
14.3954,1036.55,1.309e-09,0.704559,195.233,4.22759,2353,1175,57.1437,7.23652e-11,0.0607281
19.3954,1293.71,1.6351e-09,1.04249,194.068,5,2353,1175,51.4314,6.5221e-11,0.0675869
24.3954,1530.24,1.93534e-09,1.39906,193.003,5,2353,1175,47.3062,6.00466e-11,0.0713126
29.3954,1751.08,2.21585e-09,1.76632,192.015,5,2353,1175,44.1688,5.61036e-11,0.0734524
34.3954,1959.45,2.48067e-09,2.13983,191.088,5,2353,1175,41.6729,5.29623e-11,0.0747018
39.3954,2157.5,2.73249e-09,2.5169,190.212,5,2353,1175,39.6117,5.03651e-11,0.0754139
44.3954,2346.79,2.97325e-09,2.89579,189.38,5,2353,1175,37.8574,4.81526e-11,0.0757792
49.3954,2528.43,3.20437e-09,3.27533,188.586,5,2353,1175,36.3285,4.6223e-11,0.0759065
54.3954,2703.29,3.42692e-09,3.65463,187.826,5,2353,1175,34.9717,4.45093e-11,0.0758617
59.3954,2872.04,3.64174e-09,4.03307,187.097,5,2353,1175,33.7502,4.29657e-11,0.0756872
64.3954,3035.24,3.84955e-09,4.41014,186.396,5,2353,1175,32.6387,4.15602e-11,0.0754133
69.3954,3193.33,4.05089e-09,4.78544,185.721,5,2353,1175,31.6185,4.02696e-11,0.07506
74.3954,3346.71,4.24628e-09,5.15865,185.069,5,2353,1175,30.6758,3.90765e-11,0.074643
79.3954,3495.71,4.43611e-09,5.52953,184.439,5,2353,1175,29.8,3.79676e-11,0.0741748
84.3954,3640.62,4.62078e-09,5.89785,183.83,5,2353,1175,28.9828,3.69325e-11,0.0736654
89.3954,3781.71,4.80059e-09,6.26347,183.24,5,2353,1175,28.2174,3.59627e-11,0.0731233
94.3954,3919.2,4.97585e-09,6.62625,182.668,5,2353,1175,27.4985,3.50514e-11,0.0725554
99.3954,4053.31,5.14681e-09,6.98609,182.113,5,2353,1175,26.8215,3.4193e-11,0.0719679
100,4069.48,5.16742e-09,7.02955,182.046,0.604617,2353,1175,26.7403,3.409e-11,0.0718933
