seg_id,frac_id,leaf_id,parent_id,area,cx,cy,cz,Tmf
0,0,1364,235,94.8371,770.428,90.8232,35.2185,0.00443986
1,0,1365,235,215.411,786.905,96.0897,35.2611,0.0100846
2,0,1366,235,13.6201,773.045,73.4959,44.2392,0.000637632
3,0,1367,235,10.5634,777.531,74.1778,44.624,0.000494534
4,0,1368,235,81.6282,771.93,80.7226,40.4732,0.00382148
5,0,1369,235,417.425,786.519,82.8394,41.7744,0.019542
6,0,1372,236,30.1642,804.277,98.6106,36.8105,0.00141216
7,0,1376,236,400.863,812.566,93.0522,40.9051,0.0187667
8,0,1377,236,24.4458,825.973,94.6783,42.2594,0.00114445
9,0,1467,255,43.8662,794.842,101.676,33.7685,0.00205363
10,0,1474,256,205.993,811.675,104.136,35.2611,0.0096437
11,0,1478,256,25.6439,821.738,101.158,38.3613,0.00120054
12,0,1479,256,0.169862,825.104,100.321,39.3191,7.95219e-06
13,1,1318,226,159.661,320.529,66.1654,32.5381,0.0025546
14,1,1319,226,498.725,339.329,65.5203,32.5406,0.00797964
15,1,1320,226,89.4315,322.115,82.6933,32.5516,0.00143091
16,1,1321,226,313.251,337.5,81.265,32.5529,0.00501204
17,1,1326,227,3.24693,350.376,73.0788,32.5483,5.19511e-05
18,1,1328,227,20.4043,351.028,79.8974,32.5539,0.000326471
19,2,2212,368,129.918,445.414,433.298,33.6256,0.00786737
20,2,2216,368,11.4307,445.989,439.669,37.8898,0.000692207
21,2,2217,369,29.8684,469.519,423.994,30.4138,0.00180873
22,2,2218,369,93.6327,483.499,422.736,31.2754,0.00567008
23,2,2219,369,324.208,461.711,429.732,33.2483,0.019633
24,2,2220,369,154.058,484.021,428.525,35.1498,0.00932922
25,2,2223,369,35.6204,462.5,436.638,37.8898,0.00215705
26,2,2224,369,26.5569,484.319,432.632,37.8898,0.0016082
27,3,301,62,9.86373,148.978,173.073,11.1477,0.000603393
28,3,303,62,114.751,146.603,181.096,5.86495,0.00701967
29,3,305,62,0.308657,149.834,170.867,12.6842,1.88815e-05
30,3,308,63,10.5823,151.595,173.779,11.8444,0.000647352
31,3,310,63,502.044,161.087,188.581,7.79775,0.0307115
32,3,311,63,71.6026,179.15,196.824,10.7947,0.00438014
33,3,312,63,69.4671,154.341,171.63,14.1261,0.00424951
34,3,314,63,132.926,167.198,180.971,14.3945,0.00813148
35,3,315,63,145.341,183.53,193.471,14.3945,0.00889096
36,3,440,83,81.2466,170.579,203.383,3.75107,0.00497009
37,3,441,83,474.508,188.545,210.132,7.51041,0.029027
38,3,445,83,67.6373,196.03,203.038,14.3945,0.00413757
39,3,448,84,13.7665,201.106,212.743,11.2697,0.000842134
40,3,452,84,42.7752,202.511,207.998,14.3945,0.00261668
41,4,868,140,95.4222,34.9224,396.856,17.7976,0.00307183
42,4,1025,160,265.45,18.0606,416.992,17.9553,0.00854538
43,4,1026,160,552.401,36.8656,409.392,21.2424,0.0177829
44,4,1027,160,306.963,15.1943,432.389,20.7732,0.00988176
45,4,1028,160,92.8167,29.1034,429.736,23.8962,0.00298796
46,4,1033,161,9.26711,50.9799,407.244,24.5385,0.000298327
47,4,2146,360,98.6325,45.77,420.118,26.1379,0.00317518
48,4,2147,360,23.1323,23.4518,444.122,25.7291,0.000744677
49,4,2148,360,326.747,34.8618,437.833,27.3325,0.0105186
50,4,2153,361,123.176,53.1783,416.286,27.2374,0.00396528
51,4,2155,361,1.89594,50.5865,425.677,28.7291,6.1034e-05
52,4,2299,380,3.16446,28.4437,450.573,28.5756,0.00010187
53,5,713,118,45.9177,946.574,296.976,16.4673,0.00195159
54,5,720,119,145.843,962.5,297.365,16.6539,0.00619861
55,5,721,119,62.2212,981.48,297.833,16.8746,0.00264452
56,5,846,138,48.4472,946.298,308.281,11.0981,0.0020591
57,5,850,138,42.1032,946.434,302.665,13.7654,0.00178947
58,5,853,139,163.588,962.5,309.078,11.0981,0.00695279
59,5,854,139,80.8502,981.178,309.996,11.0981,0.00343628
60,5,857,139,169.438,962.5,303.061,13.952,0.00720144
61,5,858,139,98.9515,981.341,303.522,14.1728,0.00420562
62,6,816,133,103.616,658.14,319.717,21.1073,0.0124593
63,6,818,133,245.154,664.993,337.5,21.1073,0.0294785
64,6,969,153,51.4305,670.82,352.622,21.1073,0.00618425
65,6,1971,333,201.82,664.419,318.591,31.25,0.0242678
66,6,1973,333,314.542,671.233,337.063,30.79,0.037822
67,6,1974,333,79.0677,676.886,345.105,34.6501,0.00950748
68,6,1975,333,81.7305,669.655,317.652,39.7076,0.00982767
69,6,1977,333,36.2813,673.743,328.262,39.7076,0.00436264
70,6,1978,333,102.749,678.56,340.762,39.7076,0.012355
71,6,2110,353,14.4438,674.115,352.101,26.3894,0.0017368
72,6,2111,353,32.6722,677.984,351.407,32.6394,0.00392866
73,6,2115,353,6.19847,682.334,350.557,39.7076,0.000745333
74,7,832,136,4.71709,849.099,348.844,10.9546,8.45921e-05
75,7,839,137,113.143,857.518,346.66,11.5728,0.00202901
76,7,843,137,4.29078,866.899,349.135,12.6134,7.6947e-05
77,7,990,156,295.365,842.423,365.351,11.5236,0.00529681
78,7,992,156,43.0621,839.417,377.147,12.0925,0.000772238
79,7,994,156,10.3529,848.375,372.914,12.6134,0.000185659
80,7,996,156,17.4607,844.008,378.519,12.6134,0.000313124
81,7,997,157,145.251,854.998,356.415,12.0401,0.0026048
82,7,1001,157,51.6763,858.112,360.414,12.6134,0.000926717
83,8,1339,228,20.7922,444.12,73.5327,43.0482,0.000395965
84,8,1340,228,5.07594,424.113,98.742,42.7806,9.66658e-05
85,8,1341,228,470.967,439.881,86.9514,43.6756,0.00896907
86,8,1348,229,254.419,456.034,90.6658,45.93,0.00484514
87,8,1428,248,173.885,421.106,109.546,43.3345,0.00331146
88,8,1429,248,557.531,436.139,114.058,45.522,0.0106176
89,8,1431,248,40.2045,434.145,127.04,46.382,0.000765651
90,8,1436,249,40.8145,452.516,103.567,46.6002,0.000777269
91,9,32,6,7.95117,332.714,24.1591,17.81,0.000127219
92,9,33,6,53.5205,322.56,45.1249,17.8101,0.00085633
93,9,34,6,489.479,336.964,35.8957,17.8149,0.00783169
94,9,41,7,1.13291,350.317,32.71,17.8206,1.81266e-05
95,9,102,25,6.39377,299.246,88.7239,17.8094,0.000102301
96,9,107,26,339.351,318.213,62.5,17.8123,0.00542964
97,9,108,26,270.172,330.403,62.5,17.8182,0.00432276
98,9,109,26,453.992,312.068,85.0041,17.8148,0.00726389
99,9,110,26,20.7,326.517,78.0319,17.8201,0.000331201
100,10,217,46,101.566,346.13,144.398,5.38049,0.00275862
101,10,222,47,12.4127,358.811,123.887,5.02521,0.000337141
102,10,224,47,554.602,362.645,137.065,8.11083,0.0150635
103,10,225,47,21.5507,376.467,137.576,11.4913,0.000585337
104,10,333,66,477.211,339.909,163.663,7.0707,0.0129615
105,10,335,66,67.5854,345.646,178.036,10.807,0.00183568
106,10,340,67,297.119,355.707,162.5,10.6469,0.00807004
107,10,342,67,5.82091,350.926,176.341,11.7871,0.000158102
108,11,87,24,13.1065,220.846,74.251,12.2936,0.000340029
109,11,88,24,1.10588,226.071,74.7786,12.4409,2.86903e-05
110,11,89,24,173.31,219.943,83.1737,9.86403,0.00449627
111,11,90,24,470.953,235.643,83.9564,10.5209,0.0122182
112,11,91,24,50.0516,221.289,70.315,13.3678,0.00129851
113,11,92,24,117.751,235.643,73.0323,13.4345,0.00305488
114,11,94,24,50.8541,242.738,76.5014,12.9004,0.00131933
115,11,97,25,403.191,261.013,92.3237,9.68818,0.0104602
116,11,99,25,10.0566,253.23,74.3323,14.0575,0.000260902
117,11,101,25,153.724,261.652,78.4093,13.4345,0.00398813
118,11,206,45,9.07554,267.151,100.621,7.81363,0.000235451
119,12,1610,279,46.9292,978.826,169.664,36.0366,0.00374712
120,12,1612,279,109.926,978.367,187.5,36.0366,0.00877719
121,12,1614,279,150.853,985.827,169.754,42.285,0.0120451
122,12,1616,279,359.428,985.37,187.5,42.285,0.028699
123,12,1735,299,109.926,977.723,212.5,36.0366,0.00877719
124,12,1737,299,40.5459,977.282,229.611,36.0366,0.00323744
125,12,1739,299,359.428,984.726,212.5,42.285,0.028699
126,12,1741,299,135.166,984.283,229.701,42.285,0.0107925
127,13,269,56,292.592,839.933,143.069,10.2775,0.00510742
128,13,276,57,273.354,856.171,139.378,11.9072,0.00477159
129,13,280,57,74.6816,863.754,138.227,12.6418,0.00130362
130,13,399,76,291.58,844.198,162.5,9.76188,0.00508975
131,13,401,76,26.0808,848.277,178.347,9.39537,0.00045526
132,13,406,77,583.537,863.647,162.627,11.5035,0.0101861
133,13,407,77,36.4127,877.036,171.046,12.3171,0.00063561
134,13,408,77,496.054,860.96,187.72,10.1014,0.008659
135,13,409,77,125.572,879.39,181.666,12.0374,0.00219196
136,13,410,77,31.9452,872.407,155.036,12.6418,0.000557627
137,13,411,77,47.3499,878.843,167.536,12.6418,0.000826529
138,13,413,77,30.8979,885.193,179.871,12.6418,0.000539346
139,13,552,97,0.0265053,857.847,200.049,9.25134,4.6267e-07
140,14,419,78,44.1447,947.046,171.758,22.91,0.00100619
141,14,420,78,24.7916,922.786,197.571,22.7882,0.000565075
142,14,421,78,350.325,937.527,187.529,23.7077,0.00798495
143,14,426,79,106.144,954.362,169.308,23.746,0.00241933
144,14,428,79,25.9936,952.267,177.488,24.6272,0.000592472
145,14,564,98,255.392,917.307,209.488,23.6729,0.00582113
146,14,565,98,45.7439,928.007,203.3,24.5055,0.00104264
147,14,1604,278,143.544,944.674,194.154,25.876,0.00327178
148,14,1609,279,30.7691,962.122,173.177,25.6022,0.00070132
149,14,1611,279,471.388,962.151,185.442,27.4451,0.0107443
150,14,1612,279,1.57391,975.412,182.778,29.2269,3.5874e-05
151,14,1726,298,100.82,919.823,220.642,25.7584,0.00229799
152,14,1727,298,509.432,936.953,211.899,27.2655,0.0116115
153,14,1728,298,38.4221,921.976,227.756,27.1785,0.000875754
154,14,1729,298,82.4231,928.879,229.776,28.6167,0.00187867
155,14,1734,299,61.6841,953.492,203.832,28.7767,0.00140596
156,15,790,130,49.9451,523.927,338.795,6.39286,0.00132248
157,15,791,130,469.829,535.364,339.094,9.5966,0.0124404
158,15,795,130,93.9381,547.864,339.421,13.0984,0.00248735
159,15,802,131,236.093,555.471,339.62,15.2296,0.00625142
160,15,941,150,53.6103,523.421,358.169,6.53481,0.00141953
161,15,942,150,346.988,534.858,358.468,9.73856,0.00918777
162,15,946,150,96.6077,547.358,358.795,13.2403,0.00255804
163,15,953,151,185.626,554.965,358.994,15.3716,0.00491512
164,16,1128,176,81.4887,816.448,423.387,8.65317,0.00760488
165,16,1129,176,193.52,835.273,421.008,10.215,0.0180601
166,16,1130,176,48.241,816.707,425.971,11.4356,0.00450206
167,16,1131,176,0.280892,825.455,425.093,12.4016,2.62141e-05
168,16,1133,176,84.1465,842.122,423.385,14.2039,0.00785292
169,16,1134,176,262.073,817.475,432.747,18.75,0.0244578
170,16,1135,176,351.178,835.273,428.882,18.5223,0.0327735
171,16,1136,177,193.801,862.5,414.955,9.71758,0.0180863
172,16,1137,177,47.5815,878.069,411.763,9.71758,0.00444052
173,16,1140,177,272.167,862.5,421.296,16.4075,0.0253998
174,16,1141,177,123.572,878.909,419.674,18.2448,0.0115323
175,16,1142,177,163.157,862.5,427.22,22.6575,0.0152266
176,16,1143,177,12.6397,879.492,425.478,24.4948,0.00117959
177,16,2268,376,155.291,818.455,442.507,29.2578,0.0144925
178,16,2269,376,296.566,837.5,438.602,29.2578,0.0276768
179,16,2276,377,296.566,862.5,433.477,29.2578,0.0276768
180,16,2277,377,116.041,879.891,429.912,29.2578,0.0108294
181,17,526,93,1.96121,659.152,249.55,24.5606,5.92871e-05
182,17,659,112,0.841774,631.556,273.517,12.4653,2.54467e-05
183,17,661,112,6.06959,641.376,285.69,12.4653,0.000183483
184,17,663,112,221.073,640.832,269.54,15.6829,0.006683
185,17,665,112,191.195,644.296,282.071,13.9702,0.0057798
186,17,668,113,1.02784,651.46,298.19,12.4653,3.10716e-05
187,17,670,113,494.842,661.351,262.374,22.4612,0.014959
188,17,671,113,20.4957,676.868,272.685,24.3164,0.000619584
189,17,672,113,652.28,660.611,289.242,16.684,0.0197184
190,17,673,113,412.731,686.121,289.809,23.1408,0.0124768
191,17,680,114,0.388318,700.257,299.681,24.7315,1.17388e-05
192,17,812,133,7.09743,663.005,312.5,12.4653,0.000214554
193,17,814,133,0.672484,674.045,326.184,12.4653,2.03291e-05
194,17,815,133,1.3062,676.856,329.669,12.4653,3.94863e-05
195,17,816,133,312.343,669.07,312.5,14.0284,0.00944208
196,17,817,133,590.394,687.47,312.959,18.6752,0.0178475
197,17,818,133,2.05977,674.408,325.734,12.6526,6.22665e-05
198,17,819,133,49.3113,679.036,327.276,13.5247,0.00149068
199,17,824,134,63.4754,702.117,305.845,23.9293,0.00191885
200,18,1925,327,12.2693,362.4,349.631,32.3595,0.000871374
201,18,1929,327,3.64571,371.968,349.764,39.884,0.000258921
202,18,1930,327,1.44566,376.658,349.829,43.5715,0.000102672
203,18,2069,347,415.969,362.043,362.5,32.3595,0.0295425
204,18,2071,347,326.922,361.425,384.824,32.3595,0.0232183
205,18,2073,347,204.092,371.791,362.5,40.0222,0.0144948
206,18,2074,347,94.3004,376.483,362.5,43.7097,0.00669729
207,18,2075,347,178.482,371.481,384.965,40.2673,0.012676
208,18,2076,347,59.743,376.17,385.03,43.9548,0.00424299
209,19,1653,286,123.441,310.199,247.005,28.6146,0.00267609
210,19,1776,306,353.638,318.855,260.746,28.4558,0.0076666
211,19,1777,306,161.48,329.96,267.91,29.4676,0.00350076
212,19,1778,306,20.5934,323.229,277.532,27.2322,0.000446449
213,19,1779,306,454.924,337.843,287.01,28.5578,0.00986238
214,19,1786,307,39.6012,352.456,296.489,29.8833,0.000858523
215,19,1916,326,107.53,345.948,306.158,27.6796,0.00233117
216,19,1923,327,72.8815,354.386,303.786,29.3561,0.00158001
217,20,455,84,158.082,246.23,239.703,18.0642,0.00265286
218,20,460,85,11.5191,271.62,224.245,17.3588,0.000193309
219,20,461,85,55.9948,282.208,223.095,17.4465,0.000939681
220,20,462,85,601.961,262.972,235.664,18.0428,0.0101019
221,20,463,85,446.385,283.903,237.5,18.5124,0.00749105
222,20,599,104,56.2662,248.193,257.712,19.3942,0.000944235
223,20,606,105,311.417,262.5,256.211,19.5165,0.00522607
224,20,607,105,154.058,285.568,253.604,19.7002,0.00258534
225,21,747,123,22.3151,194.164,322.742,10.8725,0.00229339
226,21,749,123,35.0976,197.786,328.551,10.8725,0.0036071
227,21,751,123,55.7324,197.752,321.438,15.4709,0.0057278
228,21,753,123,10.4847,199.043,326.535,13.4999,0.00107754
229,21,756,124,88.4336,205.579,341.051,10.8725,0.00908862
230,21,758,124,94.1852,202.896,320.096,21.7209,0.00967973
231,21,760,124,463.908,209.297,335.921,18.1,0.0476774
232,21,893,144,33.2341,213.254,353.363,10.8725,0.00341558
233,21,897,144,63.3927,220.773,351.451,19.9749,0.00651508
234,21,898,144,0.013236,225.029,350.628,24.9581,1.3603e-06
235,21,1906,324,26.883,206.458,319.533,25.8098,0.00276285
236,21,1908,324,59.5518,218.882,339.606,25.7153,0.00612034
237,21,1909,324,1.91395,225.585,349.498,26.2759,0.000196703
238,21,2045,344,0.132366,224.892,350.172,25.1124,1.36037e-05
239,21,2046,344,0.628426,225.306,350.293,25.4661,6.45854e-05
240,22,744,122,76.2426,120.081,346.726,22.75,0.00513938
241,22,745,122,3.79308,125.806,349.162,24.567,0.000255685
242,22,881,142,30.3821,122.718,352.373,21.25,0.002048
243,22,882,142,253.785,136.135,363.364,22.7786,0.0171072
244,22,884,142,9.06593,144.86,375.898,20.9903,0.000611119
245,22,1899,322,52.2354,122.844,340.926,27.2294,0.0035211
246,22,1900,322,281.533,130.478,342.647,30.4406,0.0189776
247,22,2030,342,322.542,144.708,359.874,29.1851,0.021742
248,22,2037,343,113.225,153.175,363.276,31.9751,0.00763234
249,23,2143,359,2.54784,974.179,399.416,46.4077,0.00014509
250,23,2144,359,1.38035,975.33,399.119,47.1072,7.86061e-05
251,23,2294,379,148.387,971.639,406.89,42.3729,0.00845008
252,23,2295,379,295.596,979.568,414.301,43.7394,0.0168331
253,23,2297,379,231.051,989.966,430.895,43.0202,0.0131575
254,24,912,146,149.666,341.657,395.482,11.7028,0.00327539
255,24,916,146,20.3281,347.142,398.452,12.7809,0.000444872
256,24,919,147,60.4315,353.369,389.14,11.7028,0.00132252
257,24,923,147,84.8467,355.546,396.517,13.2557,0.00185683
258,24,1048,165,97.5579,293.896,421.453,11.7224,0.00213501
259,24,1050,165,10.8205,291.052,425.993,12.2669,0.000236803
260,24,1052,165,6.21776,298.419,424.144,12.6554,0.000136073
261,24,1054,165,118.622,296.684,433.003,14.0927,0.00259599
262,24,1055,166,224.239,312.5,411.271,11.7028,0.00490739
263,24,1056,166,74.573,329.157,402.251,11.7028,0.001632
264,24,1059,166,238.343,312.5,420.332,13.3474,0.00521604
265,24,1060,166,487.389,337.47,412.484,14.3773,0.0106663
266,24,1061,166,288.871,312.5,430.658,15.2217,0.00632181
267,24,1062,166,19.4966,327.799,426.516,15.9736,0.000426674
268,24,1067,167,187.206,357.708,405.673,15.1301,0.00409693
269,25,767,127,121.552,395.356,344.189,6.23029,0.00197719
270,25,772,128,3.29114,407.747,324.403,6.11532,5.35343e-05
271,25,774,128,509.291,410.961,336.63,6.55181,0.0082842
272,25,775,128,96.9103,431.088,346.223,7.48616,0.00157636
273,25,918,147,121.645,392.669,353.991,6.40325,0.0019787
274,25,925,148,503.901,413.312,363.035,7.3402,0.00819653
275,25,926,148,79.256,428.75,354.693,7.63508,0.00128919
276,25,927,148,1.74242,415.035,375.434,7.73119,2.83424e-05
277,26,1660,287,244.086,389.96,219.441,34.8816,0.0105148
278,26,1662,287,3.04613,398.467,225.398,33.136,0.000131223
279,26,1664,287,193.854,389.71,209.511,39.4768,0.00835093
280,26,1667,288,129.227,409.556,221.984,36.0676,0.0055669
281,26,1669,288,69.9629,408.962,226.713,33.7929,0.00301389
282,26,1671,288,194.022,410.299,214.858,39.4768,0.00835818
283,27,1267,213,131.154,669.768,18.9719,46.5833,0.00278262
284,27,1268,213,177.682,687.5,21.5113,47.1115,0.00376978
285,27,1269,213,119.728,668.27,29.2874,44.5854,0.00254019
286,27,1270,213,370.867,687.5,32.2817,45.1135,0.00786845
287,27,1275,214,16.9575,703.49,23.9399,47.562,0.000359778
288,27,1277,214,277.804,707.467,33.3405,46.0423,0.005894
289,28,1868,318,122.205,944.988,294.453,25.4075,0.00199918
290,28,1875,319,48.0382,953.477,296.934,25.808,0.000785869
291,28,2004,338,92.9653,920.734,320.163,25.3482,0.00152084
292,28,2005,338,570.962,938.488,313.621,25.7977,0.00934051
293,28,2006,338,342.801,918.844,338.957,25.8989,0.00560797
294,28,2007,338,266.866,932.227,333.195,26.2103,0.00436572
295,28,2012,339,182.008,956.382,306.338,26.228,0.00297752
296,28,2129,358,1.59925,923.419,350.42,26.4497,2.61625e-05
297,29,136,30,59.5202,547.16,70.1239,7.1232,0.00183197
298,29,138,30,57.768,545.966,78.3237,4.35288,0.00177804
299,29,143,31,140.357,562.5,72.3408,7.91831,0.00432004
300,29,144,31,3.94437,576.651,74.497,8.61583,0.000121404
301,29,145,31,311.649,562.5,80.9045,5.14799,0.00959222
302,29,146,31,241.251,581.415,82.5986,6.46466,0.00742545
303,30,638,109,43.0195,472.224,265.114,21.992,0.00453839
304,30,639,109,193.74,487.5,262.411,21.992,0.0204389
305,30,646,110,193.74,512.5,257.987,21.992,0.0204389
306,30,647,110,33.4116,527.156,255.394,21.992,0.0035248
307,30,1800,309,55.7905,472.742,271.231,29.8258,0.00588569
308,30,1801,309,385.741,487.162,270.416,32.0172,0.0406943
309,30,1802,309,13.3247,473.167,276.109,36.0758,0.0014057
310,30,1803,309,16.8123,478.604,275.638,36.6953,0.00177364
311,30,1805,309,28.948,495.271,274.163,38.5559,0.0030539
312,30,1806,309,40.3964,473.684,281.867,43.4562,0.00426166
313,30,1807,309,354.681,487.162,279.039,42.8985,0.0374175
314,30,1808,310,402.554,512.5,265.324,31.25,0.0424679
315,30,1809,310,89.6935,527.785,262.62,31.25,0.00946233
316,30,1812,310,191.9,512.5,272.639,40.4794,0.0202447
317,30,1813,310,87.6575,528.567,271.249,42.313,0.00924753
318,30,1814,310,191.729,512.5,277.359,46.4356,0.0202267
319,30,1815,310,23.2889,528.972,275.898,48.2692,0.00245689
320,31,2105,352,258.46,642.299,394.809,32.2305,0.0254876
321,31,2109,352,24.7048,647.617,398.394,39.1279,0.00243622
322,31,2112,353,166.847,654.972,386.266,32.2305,0.0164534
323,31,2116,353,68.7714,656.633,392.316,39.1279,0.00678178
324,31,2234,372,229.966,618.148,411.088,32.2305,0.0226777
325,31,2235,372,161.042,629.799,403.235,32.2305,0.0158809
326,31,2238,372,53.8156,619.809,417.139,39.1279,0.00530694
327,31,2239,372,104.892,635.117,406.82,39.1279,0.0103437
328,32,2104,352,108.731,618.691,396.576,35.1301,0.00405889
329,32,2105,352,8.04109,626.437,398.852,36.4048,0.000300172
330,32,2234,372,305.621,615.544,406.968,30.9256,0.0114088
331,32,2235,372,423.037,632.588,414.549,32.8925,0.0157919
332,32,2237,372,35.8339,634.544,426.893,29.3803,0.00133767
333,33,583,100,279.908,44.3276,288.845,14.4281,0.00939315
334,33,590,101,226.298,56.0418,291.962,18.7292,0.00759409
335,33,726,120,82.1164,21.6874,319.838,13.5655,0.00275566
336,33,727,120,589.105,37.2662,312.136,16.901,0.0197691
337,33,728,120,107.402,19.339,329.195,14.7123,0.00360418
338,33,729,120,201.335,31.0532,332.312,19.0134,0.0067564
339,33,734,121,60.5663,52.845,304.433,20.2366,0.00203248
340,34,1638,284,144.298,243.619,244.9,35.1119,0.00604134
341,34,1642,284,143.146,244.304,234.151,40.1428,0.00599312
342,34,1645,285,218.237,262.5,246.047,35.6641,0.00913699
343,34,1646,285,61.4398,279.828,247.128,36.1574,0.00257231
344,34,1649,285,314.148,262.5,236.403,40.1428,0.0131525
345,34,1650,285,134.033,280.333,238.609,40.1428,0.00561157
346,34,1761,304,209.368,242.897,256.65,29.6136,0.00876564
347,34,1768,305,435.344,262.5,257.886,30.1658,0.0182267
348,34,1769,305,161.562,279.106,258.879,30.6591,0.00676417
349,35,574,99,17.5163,973.146,247.919,19.4001,0.000325092
350,35,575,99,39.8804,977.677,246.56,19.7336,0.000740158
351,35,711,118,4.54528,949.056,273.94,19.3087,8.43578e-05
352,35,713,118,160.035,946.109,283.389,19.8583,0.00297015
353,35,718,119,416.647,963.888,264.364,19.9417,0.00773272
354,35,719,119,420.144,983.73,262.373,21.7565,0.00779763
355,35,720,119,557.366,961.13,289.168,21.8841,0.0103444
356,35,721,119,70.878,978.729,279.186,22.7586,0.00131546
357,35,857,139,30.6034,958.602,301.83,22.7632,0.000567981
358,36,1503,264,73.4,218.694,172.168,26.1057,0.00128985
359,36,1504,264,178.536,231.288,168.516,27.3986,0.00313739
360,36,1505,264,102.817,220.905,180.549,25.7698,0.00180679
361,36,1506,264,571.923,237.41,187.622,26.724,0.0100503
362,36,1513,265,93.9526,253.914,194.696,27.6782,0.00165102
363,36,1636,284,211.2,243.945,208.12,25.9975,0.0037114
364,36,1643,285,124.643,256.539,204.468,27.2904,0.00219033
365,37,123,28,8.09089,421.788,74.3892,18.3762,0.000197582
366,37,124,28,10.1522,430.844,74.5787,20.633,0.00024792
367,37,125,28,179.723,421.512,87.5,18.4443,0.0043889
368,37,126,28,287.314,430.576,87.5,20.701,0.0070163
369,37,234,48,206.705,420.989,112.5,18.5746,0.0050478
370,37,235,48,260.332,430.052,112.5,20.8314,0.0063574
371,37,236,48,217.66,420.484,136.687,18.7013,0.00531532
372,37,237,48,222.344,429.54,136.876,20.958,0.00542972
373,38,525,93,209.73,694.192,216.74,18.9976,0.00918729
374,38,527,93,141.085,695.923,231.907,15.9552,0.00618028
375,38,532,94,92.4281,703.3,219.409,22.171,0.00404885
376,38,534,94,474.9,707.417,239.144,18.9976,0.0208032
377,38,678,114,385.579,718.749,258.629,18.9258,0.0168905
378,38,679,114,80.849,727.658,261.152,22.0513,0.00354162
379,39,323,64,100.359,244.951,196.858,19.1984,0.008744
380,39,329,65,0.296406,275.577,174.855,16.7314,2.5825e-05
381,39,330,65,353.059,260.203,190.132,21.519,0.0307611
382,39,331,65,41.791,276.249,178.38,20.0389,0.00364113
383,39,452,84,55.8186,223.026,212.391,20.7814,0.00486332
384,39,453,84,253.152,236.971,204.591,21.519,0.0220564
385,39,460,85,0.451306,250.339,200.211,24.8233,3.9321e-05
386,39,1513,265,251.642,268.994,196.262,31.25,0.0219249
387,39,1514,265,179.652,279.288,189.855,31.25,0.0156525
388,39,1517,265,0.000687561,274.987,199.992,37.5069,5.99053e-08
389,39,1518,265,50.8088,281.271,197.548,38.738,0.00442683
390,39,1635,284,4.48066,224.436,217.799,26.0539,0.000390387
391,39,1636,284,470.678,235.488,217.053,31.1978,0.0410088
392,39,1638,284,13.9723,230.974,225.995,36.3416,0.00121736
393,39,1640,284,63.343,243.874,221.187,39.0423,0.0055189
394,39,1642,284,35.813,234.283,227.156,39.0423,0.00312028
395,39,1643,285,272.09,256.494,204.042,31.25,0.0237065
396,39,1647,285,129.239,264.992,207.68,38.738,0.0112603
397,39,1648,285,15.0687,276.956,201.218,39.5633,0.00131289
398,40,159,33,138.54,683.076,95.9587,20.0111,0.00609992
399,40,260,53,30.4445,674.263,116.757,16.6057,0.00134047
400,40,261,53,398.063,680.721,110.054,19.4743,0.0175267
401,40,262,53,69.5434,673.45,135.043,17.0078,0.003062
402,40,263,53,283.361,681.111,135.384,20.7739,0.0124764
403,41,1196,195,100.414,789.459,488.635,23.1002,0.011344
404,41,1203,196,113.194,811.883,483.225,23.1002,0.0127878
405,41,2337,395,235.72,789.998,493.233,29.7,0.0266299
406,41,2344,396,291.31,814.815,487.383,29.8919,0.0329099
407,41,2345,396,1.43245,825.204,487.213,33.1532,0.000161827
408,42,1570,273,269.942,666.723,192.595,34.2484,0.0105849
409,42,1571,273,303.742,687.5,194.436,35.1012,0.0119103
410,42,1572,273,87.1033,668.612,171.907,43.3176,0.00341548
411,42,1573,273,75.7479,687.5,173.613,44.0793,0.00297022
412,42,1574,273,159.85,667.872,180.095,39.7288,0.006268
413,42,1575,273,378.674,687.5,181.936,40.4906,0.0148485
414,42,1578,274,178.305,712.5,196.734,36.0918,0.00699166
415,42,1579,274,34.0991,729.609,198.317,36.7653,0.00133709
416,42,1580,274,0.676659,700.866,174.841,44.609,2.65331e-05
417,42,1582,274,453.745,710.519,183.211,41.7654,0.0177922
418,42,1583,274,198.641,730.464,188.446,41.0888,0.00778908
419,42,1707,293,90.5693,665.85,202.254,30.0147,0.00355139
420,42,1708,293,232.346,687.5,204.256,30.8675,0.00911073
421,42,1715,294,357.784,712.5,206.554,31.8581,0.0140294
422,42,1716,294,131.064,728.736,207.976,32.5315,0.00513925
423,43,177,41,133.628,93.0255,146.106,10.5603,0.00359225
424,43,184,42,9.05796,101.484,148.696,11.5999,0.0002435
425,43,293,61,410.024,90.6695,161.237,6.86526,0.0110224
426,43,295,61,4.33031,98.9736,175.901,5.28167,0.000116409
427,43,300,62,457.235,110.891,163.609,10.1709,0.0122916
428,43,301,62,28.643,127.64,172.682,11.3819,0.000769991
429,43,302,62,348.341,114.468,183.864,6.49433,0.00936422
430,43,303,62,149.017,130.234,180.942,10.0967,0.00400592
431,44,219,46,14.9089,349.286,120.929,16.7108,0.000986223
432,44,221,46,0.214207,349.895,125.366,16.246,1.41698e-05
433,44,226,47,131.979,355.329,120.098,21.1247,0.00873044
434,44,228,47,325.83,357.237,133.601,19.7476,0.0215537
435,44,1416,247,86.9735,363.499,119.058,27.0759,0.0057533
436,44,1418,247,135.454,367.852,134.255,27.0759,0.00896033
437,45,1034,161,56.6997,89.3423,422.499,23.2427,0.0028048
438,45,1035,161,113.888,69.0193,439.571,23.2427,0.00563375
439,45,1036,161,108.206,80.6824,429.773,23.2427,0.00535267
440,45,2154,361,7.57772,94.0753,424.148,25.6126,0.000374852
441,45,2155,361,76.3266,70.6679,446.439,26.7201,0.00377569
442,45,2156,361,484.356,89.1324,436.594,29.1073,0.0239599
443,45,2163,362,23.5954,101.504,433.985,32.3866,0.00116721
444,45,2306,381,37.4139,72.5263,452.945,30.1187,0.00185077
445,45,2307,381,58.7409,77.8266,454.486,32.644,0.00290577
446,46,1858,317,93.5567,893.842,271.97,36.6759,0.00210857
447,46,1860,317,242.754,890.85,281.126,34.7767,0.00547116
448,46,1862,317,50.1391,897.248,265.54,38.2053,0.00113003
449,46,1865,318,3.13794,900.849,274.197,37.3728,7.07225e-05
450,46,1867,318,389.352,909.364,290.465,36.0707,0.00877516
451,46,1868,318,7.69438,926.329,298.743,37.3008,0.000173415
452,46,1869,318,66.0816,903.627,271.571,38.2053,0.00148934
453,46,1871,318,161.672,916.127,283.39,38.2053,0.00364374
454,46,1872,318,79.2105,929.347,295.89,38.2053,0.00178523
455,46,2004,338,220.838,917.879,306.733,34.7686,0.00497722
456,46,2005,338,252.27,930.036,311.333,35.8611,0.00568562
457,46,2009,338,92.0714,938.748,304.778,38.2053,0.00207509
458,47,198,44,0.513374,216.805,124.874,12.4631,1.39131e-05
459,47,200,44,267.929,219.387,134.787,9.73854,0.00726125
460,47,201,44,577.269,235.114,141.11,8.59831,0.0156448
461,47,202,44,75.1493,220.355,121.482,13.5834,0.00203665
462,47,203,44,160.751,237.5,121.911,14.1881,0.00435658
463,47,204,44,3.23966,222.841,125.32,12.5916,8.77991e-05
464,47,205,44,73.2861,237.5,126.408,12.9026,0.00198615
465,47,208,45,480.745,262.5,140.763,9.85929,0.0130288
466,47,209,45,212.009,281.503,142.213,10.251,0.00574574
467,47,210,45,64.2021,262.5,123.766,14.7185,0.00173996
468,47,211,45,1.31375,276.375,124.796,15.0128,3.56044e-05
469,47,212,45,169.835,262.5,128.263,13.4329,0.00460277
470,47,213,45,136.645,281.72,129.105,14.0077,0.00370326
471,47,317,64,46.1062,241.856,151.209,5.99718,0.00124954
472,47,324,65,142.631,262.5,152.74,6.43511,0.00386548
473,47,325,65,95.8048,280.633,154.061,6.8268,0.00259644
474,48,874,141,1.19231,99.4913,374.592,21.8328,8.52084e-05
475,48,875,141,29.7767,72.8928,398.308,23.2903,0.00212799
476,48,876,141,175.444,89.6948,384.51,23.0997,0.0125381
477,48,881,142,17.3834,102.896,373.911,23.0997,0.00124231
478,48,883,142,14.787,101.791,376.438,24.1123,0.00105676
479,48,1033,161,58.9412,66.6145,403.349,23.2903,0.00421223
480,48,2023,341,0.299006,74.7453,399.795,25.1262,2.13684e-05
481,48,2024,341,339.279,89.858,395.626,30.0417,0.0242466
482,48,2029,342,0.237574,105.843,374.858,25.1443,1.69782e-05
483,48,2031,342,277.214,105.47,383.11,30.0525,0.0198111
484,48,2153,361,161.173,72.3294,409.699,30.0417,0.0115183
485,48,2154,361,302.054,83.0966,406.5,33.4028,0.0215863
486,49,1127,175,64.6092,796.957,443.352,23.7874,0.00383649
487,49,1132,176,67.2385,808.525,418.082,23.7874,0.00399261
488,49,1134,176,56.8802,802.679,430.852,23.7874,0.00337754
489,49,1194,195,121.489,788.192,462.5,23.7874,0.00721402
490,49,1196,195,38.9578,780.635,479.008,23.7874,0.00231331
491,49,2261,375,21.4843,798.648,447.047,25.8069,0.00127573
492,49,2266,376,191.524,817.69,419.797,29.728,0.0113727
493,49,2267,376,36.5485,827.252,421.778,35.978,0.00217024
494,49,2268,376,590.236,812.379,437.235,31.3225,0.0350481
495,49,2269,376,14.4563,826.109,427.422,36.8381,0.000858413
496,49,2271,376,15.2909,830.767,422.69,38.3258,0.000907974
497,49,2272,376,48.6882,821.633,442.644,38.3258,0.0028911
498,49,2273,376,34.047,827.355,430.144,38.3258,0.00202171
499,49,2335,395,292.396,795.112,462.5,27.9185,0.0173624
500,49,2337,395,280.63,792.554,482.475,31.8506,0.0166638
501,49,2341,395,7.71947,799.263,490.437,38.032,0.000458381
502,49,2342,396,333.781,805.58,462.5,34.1685,0.0198198
503,49,2344,396,38.6502,801.813,478.96,36.4177,0.00229504
504,49,2346,396,82.7352,812.544,462.5,38.3258,0.0049128
505,49,2348,396,49.3101,802.744,484.472,38.4798,0.00292803
506,50,736,121,37.5333,71.7284,348.091,23.3645,0.00206902
507,50,737,121,1.6947,75.4865,349.339,24.7607,9.34203e-05
508,50,873,141,146.801,69.2666,355.06,19.6298,0.00809243
509,50,874,141,294.961,80.2021,363.728,21.8687,0.0162597
510,50,876,141,257.338,93.6314,383.015,21.4884,0.0141857
511,50,883,142,14.6326,101.151,385.942,24.1269,0.000806622
512,50,1891,321,8.97271,74.0986,344.906,25.6837,0.000494621
513,50,1892,321,326.754,85.8096,345.184,31.3428,0.0180123
514,50,1899,322,1.33086,100.431,349.415,37.0019,7.33639e-05
515,50,2022,341,419.958,92.8321,362.5,28.5254,0.0231502
516,50,2024,341,20.9465,98.2897,377.323,25.8412,0.00115467
517,50,2029,342,307.488,108.026,364.96,35.1074,0.0169503
518,50,2031,342,145.802,105.684,379.656,28.6328,0.00803734
519,51,969,153,2.16556,667.309,374.688,23.7735,3.53677e-05
520,51,971,153,296.499,669.29,385.197,23.299,0.00484238
521,51,972,153,534.968,687.5,389.313,23.2862,0.00873704
522,51,979,154,402.852,712.5,391.952,23.4104,0.00657933
523,51,980,154,127.486,730.141,393.876,23.4951,0.00208208
524,51,1108,173,143.196,667.315,404.609,22.3665,0.00233866
525,51,1109,173,339.468,687.5,406.782,22.4648,0.00554416
526,51,1116,174,471.585,712.5,409.421,22.5889,0.00770187
527,51,1117,174,149.411,728.376,410.972,22.6736,0.00244016
528,52,250,52,80.1309,619.246,146.926,8.01079,0.00376001
529,52,251,52,17.0199,626.415,147.345,11.7596,0.000798629
530,52,255,52,35.1664,631.091,147.627,14.2053,0.00165013
531,52,380,72,376.6,619.567,164.3,9.23837,0.0176714
532,52,381,72,30.6668,625.843,157.166,12.0623,0.00143899
533,52,382,72,407.267,615.9,187.5,8.75123,0.0191104
534,52,384,72,0.813978,624.863,173.833,12.5713,3.81946e-05
535,52,385,72,184.451,628.556,164.3,13.907,0.00865508
536,52,386,72,53.0936,624.059,187.5,12.9887,0.00249133
537,52,387,72,132.172,627.342,187.5,14.694,0.00620194
538,52,512,92,42.6038,614.276,201.308,8.75123,0.00199911
539,52,516,92,14.7878,623.222,201.837,13.4299,0.000693894
540,52,517,92,13.6199,626.484,202.027,15.1352,0.000639092
541,53,378,71,53.4686,573.3,192.233,23.3562,0.00569631
542,53,379,71,9.60557,575.609,197.863,24.2382,0.00102334
543,53,508,91,0.854035,574.818,200.637,22.2603,9.09851e-05
544,53,509,91,82.0108,578.049,208.902,23.3562,0.00873707
545,53,1554,271,25.8536,574.04,186.573,26.2995,0.00275433
546,53,1555,271,266.58,578.999,191.418,30.7797,0.0284002
547,53,1559,271,271.528,588.021,189.883,42.6168,0.0289274
548,53,1692,291,322.437,584.622,209.835,31.25,0.034351
549,53,1696,291,231.86,593.364,208.639,42.6168,0.0247014
550,54,580,100,46.9626,11.5486,273.115,24.2617,0.00152782
551,54,582,100,242.432,15.9222,279.662,22.714,0.00788693
552,54,583,100,355.311,39.3721,289.41,22.8101,0.0115592
553,54,590,101,5.27611,50.6317,289.362,24.4219,0.000171646
554,54,1619,280,2.12464,17.5138,249.599,32.8928,6.91202e-05
555,54,1742,300,321.412,19.151,261.946,29.0371,0.0104564
556,54,1743,300,460.213,37.5,266.34,30.1828,0.0149719
557,54,1744,300,3.35281,23.7203,275.548,25.1814,0.000109076
558,54,1745,300,185.853,37.5,278.497,26.1578,0.00604629
559,54,1750,301,97.5732,54.5547,270.16,31.3353,0.00317431
560,54,1752,301,65.064,52.3556,281.375,27.3104,0.0021167
561,55,26,5,172.132,295.362,38.0496,21.8544,0.00642615
562,55,33,6,305.348,310.333,45.3001,22.1467,0.0113994
563,55,34,6,21.1855,327.843,48.4718,24.4387,0.000790911
564,55,107,26,158.556,317.221,54.1807,20.2446,0.00591933
565,55,108,26,393.894,337.9,59.2257,22.4738,0.0147051
566,55,115,27,1.32873,350.337,59.8414,24.703,4.96048e-05
567,55,1235,205,12.4372,298.923,22.3981,28.3068,0.000464315
568,55,1237,205,29.207,297.673,27.723,26.104,0.00109037
569,55,1242,206,25.3467,303.11,23.3285,28.7916,0.00094626
570,55,1244,206,299.524,311.866,32.1633,27.275,0.011182
571,55,1245,206,245.892,336.706,45.1391,27.4126,0.00917981
572,55,1252,207,9.95031,351.949,48.9527,29.0209,0.000371471
573,55,1319,226,78.9785,344.51,52.9506,26.0838,0.00294847
574,55,1326,227,35.6879,352.574,53.6674,27.4126,0.00133232
575,56,2045,344,266.52,214.21,369.129,26.5485,0.00500529
576,56,2046,344,96.0005,231.496,371.748,27.3057,0.00180291
577,56,2047,344,74.2745,219.286,377.861,25.7718,0.00139489
578,56,2048,344,366.938,238.898,381.487,26.5485,0.00689115
579,56,2055,345,284.061,258.023,392.256,26.3987,0.00533472
580,56,2185,365,5.49652,260.925,400.696,25.5221,0.000103226
581,57,2242,373,104.133,671.244,419.038,31.796,0.00411385
582,57,2243,373,166.801,679.704,417.178,35.5105,0.00658959
583,57,2244,373,29.6195,673.277,428.494,30.7536,0.00117014
584,57,2245,373,279.092,682.371,433.119,33.4522,0.0110257
585,57,2247,373,362.765,692.811,413.809,41.3606,0.0143313
586,57,2249,373,97.6805,695.69,429.95,39.3474,0.00385893
587,57,2254,374,58.1353,702.414,420.105,43.9343,0.00229667
588,57,2256,374,58.0705,704.107,428.1,43.0427,0.00229411
589,58,204,44,12.8073,221.991,149.13,16.844,0.000813226
590,58,205,44,23.2872,229.308,148.895,21.9774,0.00147868
591,58,320,64,157.725,222.418,162.5,16.5412,0.0100151
592,58,321,64,290.107,229.75,162.5,21.6746,0.018421
593,58,322,64,94.6448,223.158,185.507,16.0249,0.00600969
594,58,323,64,275.122,230.475,185.273,21.1583,0.0174695
595,58,1402,244,37.8965,239.079,148.583,28.8319,0.00240633
596,58,1504,264,334.29,239.973,162.5,28.8319,0.0212266
597,58,1506,264,265.064,241.412,184.911,28.8319,0.0168309
598,59,678,114,97.4377,721.541,262.174,22.2157,0.0107375
599,59,679,114,52.5008,726.864,271.674,22.2157,0.00578551
600,59,681,114,197.298,735.73,287.5,22.2157,0.021742
601,59,825,134,53.6302,744.637,303.398,22.2157,0.00590997
602,59,1722,294,0.00365402,728.853,249.986,39.182,4.02668e-07
603,59,1840,314,52.9017,723.283,257.114,27.7067,0.00582969
604,59,1841,314,340.546,730.058,263.38,31.624,0.0375277
605,59,1843,314,397.443,743.513,288.047,31.1869,0.0437977
606,59,1845,314,60.3708,733.967,260.114,38.5092,0.00665278
607,59,1847,314,34.0531,746.092,281.976,38.3611,0.0037526
608,59,1850,315,45.4366,751.824,296.744,35.3116,0.00500705
609,59,1854,315,26.9638,753.095,294.476,38.3611,0.00297137
610,59,1980,334,31.4104,748.34,302.666,27.1511,0.00346139
611,59,1987,335,32.0969,752.927,301.555,33.4011,0.00353703
612,59,1991,335,2.58157,756.486,300.529,38.3611,0.000284485
613,60,245,51,57.4911,592.134,123.224,24.5729,0.00137233
614,60,247,51,253.635,592.021,132.726,22.2881,0.00605435
615,60,252,52,78.9591,612.5,123.465,24.6309,0.00188478
616,60,253,52,16.1025,627.892,123.647,24.6747,0.000384372
617,60,254,52,409.826,612.5,132.969,22.3462,0.00978267
618,60,255,52,93.2123,627.78,133.149,22.3899,0.00222501
619,60,1442,251,290.901,592.264,112.31,27.1971,0.00694389
620,60,1449,252,470.041,612.5,112.789,27.1971,0.01122
621,60,1450,252,113.417,628.016,113.156,27.1971,0.00270731
622,61,1949,330,107.158,517.939,346.452,35.0655,0.00338987
623,61,1950,330,217.152,534.889,345.201,35.8929,0.00686943
624,61,1954,330,16.1879,542.407,349.161,37.7995,0.000512092
625,61,2086,350,47.7666,518.496,351.706,36.8989,0.00151106
626,61,2087,350,10.3444,528.163,350.686,37.266,0.000327237
627,61,2090,350,183.258,519.581,361.216,40.2224,0.00579724
628,61,2091,350,368.401,536.105,356.562,39.8576,0.0116541
629,62,376,71,74.5235,571.903,170.745,21.1104,0.00582509
630,62,377,71,51.0033,578.41,172.494,23.2401,0.00398665
631,62,378,71,73.4822,569.912,177.627,15.2491,0.0057437
632,62,379,71,496.679,588.627,186.671,18.5568,0.0388227
633,62,386,72,180.249,609.197,196.34,22.3827,0.0140891
634,62,509,91,5.85061,598.845,200.849,13.8734,0.00045731
635,62,516,92,142.863,607.206,203.222,16.5213,0.0111668
636,62,1552,271,10.1491,574.099,164.933,26.3257,0.0007933
637,62,1553,271,225.205,582.293,167.638,28.6552,0.017603
638,62,1555,271,105.928,596.078,177.882,28.5747,0.00827983
639,62,1562,272,283.635,610.502,188.483,28.5747,0.0221702
640,63,2154,361,344.299,90.6072,416.048,35.1685,0.00775882
641,63,2156,361,32.9927,90.7471,425.871,37.3101,0.000743494
642,63,2160,361,332.113,90.8882,435.641,39.4404,0.0074842
643,63,2161,362,474.162,112.5,415.734,35.2361,0.0106853
644,63,2162,362,129.007,128.32,415.511,35.2856,0.00290718
645,63,2163,362,28.7058,112.5,425.561,37.3777,0.00064689
646,63,2164,362,4.72389,128.46,425.333,37.4273,0.000106453
647,63,2167,362,455.608,112.5,435.025,39.4404,0.0102672
648,63,2168,362,130.884,128.591,434.566,39.4404,0.00294949
649,64,1070,167,15.9055,382.892,447.455,24.4312,0.00140089
650,64,1171,187,29.3516,367.174,456.888,24.4312,0.00258516
651,64,1172,187,6.84709,376.826,451.096,24.4312,0.000603063
652,64,2204,367,33.9757,385.79,448.466,26.7914,0.00299243
653,64,2319,387,250.296,368.927,463.781,31.25,0.022045
654,64,2320,387,288.268,382.759,455.275,31.0749,0.0253894
655,64,2323,387,59.8712,370.866,472.549,39.7755,0.00527319
656,64,2324,387,355.501,385.316,467.774,43.1206,0.031311
657,64,2325,387,49.7464,372.254,478.006,45.1741,0.00438145
658,64,2326,387,29.428,377.775,476.665,46.8677,0.00259189
659,65,984,155,13.8073,796.879,399.07,4.6128,0.000431057
660,65,991,156,91.3014,808.248,397.459,5.19752,0.00285039
661,65,1121,175,533.849,789.604,412.772,8.41327,0.0166666
662,65,1123,175,11.0789,784.596,425.798,12.2137,0.00034588
663,65,1125,175,15.1435,796.731,424.026,12.8208,0.000472776
664,65,1127,175,85.4185,791.205,427.509,13.426,0.00266673
665,65,1128,176,403.049,809.949,409.387,9.29426,0.012583
666,65,1132,176,122.727,810.961,421.626,13.426,0.00383148
667,65,1134,176,12.4274,802.961,425.882,14.0434,0.000387979
668,66,801,131,375.26,592.659,317.776,19.4337,0.0215077
669,66,802,131,76.8726,572.565,344.075,13.9849,0.00440588
670,66,803,131,551.031,583.21,336.445,18.391,0.0315818
671,66,808,132,31.0486,601.431,315.446,24.0185,0.00177952
672,66,953,151,244.745,569.719,359.347,15.9969,0.0140273
673,66,954,151,247.087,579.558,361.211,22.2187,0.0141616
674,66,1956,331,0.973416,599.726,324.333,25.1607,5.57904e-05
675,66,1958,331,176.396,597.021,337.5,26.7479,0.0101099
676,66,1963,332,155.677,606.385,320.536,28.1518,0.00892247
677,66,1965,332,209.038,603.53,337.5,30.567,0.0119808
678,66,2095,351,375.289,590.554,362.999,29.1009,0.0215093
679,66,2097,351,14.0413,588.519,375.962,31.0321,0.000804763
680,66,2102,352,5.33692,600.642,351.561,32.262,0.00030588
681,67,630,108,34.3574,420.919,272.981,20.6329,0.000828886
682,67,631,108,25.2219,430.063,273.925,20.8717,0.000608489
683,67,632,108,269.426,419.492,286.728,17.2721,0.00650001
684,67,633,108,632.853,435.964,287.826,17.8462,0.0152678
685,67,640,109,304.593,456.885,289.383,18.5366,0.00734842
686,67,777,128,65.1166,441.865,301.728,14.8206,0.00157096
687,67,784,129,71.202,455.457,303.13,15.1758,0.00171778
688,68,370,70,72.5457,520.192,197.93,22.04,0.00777421
689,68,371,70,5.13334,526.094,199.368,24.2814,0.000550104
690,68,496,90,179.756,517.904,208.831,8.13689,0.0192632
691,68,497,90,261.58,537.851,219.879,8.67624,0.0280317
692,68,499,90,55.0542,546.418,227.069,6.12706,0.00589978
693,68,500,90,111.628,519.002,202.738,15.79,0.0119624
694,68,501,90,448.434,535.656,209.035,19.5688,0.0480555
695,68,504,91,3.06721,550.845,224.512,11.9445,0.000328692
696,68,506,91,230.166,557.873,231.444,8.67624,0.0246653
697,68,508,91,218.608,556.025,221.52,18.75,0.0234267
698,68,510,91,188.811,567.253,228.006,18.75,0.0202335
699,68,1546,270,45.2312,521.543,194.126,27.2539,0.00484712
700,68,1547,270,43.9136,528.356,198.062,27.2539,0.00470592
701,68,1684,290,119.654,540.856,205.282,27.2539,0.0128224
702,68,1691,291,157.933,564.312,218.83,27.2548,0.0169246
703,68,1692,291,3.36293,575.62,224.235,28.5357,0.000360382
704,68,1693,291,5.58319,574.1,225.875,25.6721,0.000598311
705,68,1694,291,1.23218,575.31,225.536,26.8524,0.000132045
706,69,787,129,10.8971,498.876,348.523,17.3012,0.00100587
707,69,794,130,222.139,506.821,342.869,20.3807,0.0205047
708,69,938,149,328.006,492.418,361.805,20.3807,0.0302769
709,69,939,149,190.868,469.756,393.167,21.3876,0.0176182
710,69,940,149,151.718,478.865,380.082,20.6758,0.0140045
711,69,945,150,45.1585,502.288,353.008,23.0668,0.0041684
712,69,1083,169,0.288168,468.421,400.145,24.7449,2.65996e-05
713,69,1949,330,204.439,519.076,345.1,32.171,0.018871
714,69,1950,330,2.30099,525.411,344.209,36.9517,0.000212395
715,69,1953,330,10.7279,523.885,348.534,38.4422,0.000990251
716,69,1954,330,19.3494,526.163,347.108,39.4507,0.00178607
717,69,2079,349,141.585,495.949,369.674,28.423,0.0130691
718,69,2080,349,36.4632,472.944,397.297,26.7371,0.00336577
719,69,2081,349,496.21,486.912,386.727,31.7467,0.0458031
720,69,2085,349,112.588,492.837,390.583,39.2317,0.0103926
721,69,2086,350,397.771,506.232,361.805,32.0538,0.0367166
722,69,2088,350,6.6828,500.88,376.157,36.7563,0.000616862
723,69,2090,350,148.899,516.207,360.198,39.4507,0.0137442
724,69,2091,350,0.544424,525.251,350.33,40.7512,5.02536e-05
725,69,2092,350,36.8549,502.345,378.083,39.2317,0.00340193
726,69,2217,369,27.4562,471.834,401.454,28.47,0.00253437
727,69,2218,369,58.8429,477.874,403.236,34.72,0.00543155
728,69,2222,369,51.1172,482.422,404.276,39.2317,0.00471843
729,70,1288,222,81.4211,120.787,96.016,34.9693,0.00462998
730,70,1289,222,81.8298,131.777,97.7292,36.1447,0.00465322
731,70,1292,222,72.5707,122.463,86.2859,41.1118,0.0041267
732,70,1293,222,353.21,139.066,92.7467,40.5762,0.0200851
733,70,1300,223,182.293,161.587,96.7089,42.7153,0.010366
734,70,1383,242,124.756,119.422,104.621,29.5607,0.00709421
735,70,1384,242,453.557,139.066,106.513,32.3599,0.0257914
736,70,1388,242,4.3156,148.444,100.521,37.8113,0.000245405
737,70,1391,243,369.147,158.619,113.514,32.0914,0.0209914
738,70,1395,243,129.331,160.675,102.455,39.1035,0.00735439
739,71,476,87,40.7531,365.982,213.245,24.6404,0.00166413
740,71,478,87,43.3355,367.023,237.5,24.6404,0.00176959
741,71,622,107,11.3602,367.699,253.277,24.6404,0.000463888
742,71,1659,287,214.799,370.885,213.134,26.8786,0.00877124
743,71,1660,287,429.899,383.059,212.874,32.4361,0.0175547
744,71,1661,287,197.568,371.405,237.5,26.6394,0.00806759
745,71,1662,287,472.165,383.59,237.5,32.1969,0.0192806
746,71,1784,307,45.723,371.743,253.192,26.4866,0.00186708
747,71,1785,307,114.966,383.917,252.931,32.0441,0.00469459
748,72,285,59,48.9636,964.799,148.166,7.40395,0.00548108
749,72,289,59,14.5637,971.226,149.299,16.4636,0.00163028
750,72,417,78,93.1753,948.012,188.422,5.31109,0.0104302
751,72,422,79,333.686,959.386,162.5,7.40395,0.0373534
752,72,424,79,163.233,952.022,183.563,8.18666,0.0182726
753,72,426,79,259.534,966.24,162.5,16.4636,0.0290527
754,72,428,79,222.948,957.463,185.738,16.4636,0.0249573
755,73,4,2,229.191,114.693,46.816,6.61659,0.0258803
756,73,5,2,43.7013,129.086,48.641,10.6497,0.00493478
757,73,8,2,257.444,116.984,38.6658,18.75,0.0290707
758,73,9,2,354.203,137.452,45.5443,18.6541,0.0399967
759,73,16,3,64.2309,154.953,48.3524,22.7568,0.00725299
760,73,71,22,57.7717,120.302,51.5626,2.69432,0.00652361
761,73,72,22,339.522,137.452,54.3859,6.61659,0.038339
762,73,76,22,47.2272,145.753,51.4128,14.4235,0.00533292
763,73,79,23,294.245,159.598,61.8133,6.53346,0.0332263
764,73,83,23,287.144,161.725,53.6183,18.6541,0.0324244
765,73,1219,202,0.652032,117.673,34.2917,25.0173,7.36278e-05
766,73,1220,202,1.11236,137.5,40.8866,25.0173,0.000125608
767,73,1227,203,0.662901,157.449,47.5222,25.0173,7.48551e-05
768,73,1294,223,0.372095,169.08,51.3908,25.0173,4.20171e-05
769,74,2158,361,256.521,93.8193,415.692,45.2869,0.00549283
770,74,2160,361,18.8361,97.3219,426.533,43.7715,0.000403334
771,74,2165,362,296.072,114.467,419.322,46.6919,0.00633973
772,74,2166,362,0.000571571,125.007,420.312,47.5572,1.2239e-08
773,74,2167,362,183.823,109.292,429.424,44.4512,0.00393618
774,75,268,56,2.60947,823.983,149.595,9.20022,0.000227371
775,75,269,56,5.49763,826.171,149.198,11.3541,0.000479024
776,75,273,56,82.9546,833.685,147.834,18.75,0.00722808
777,75,398,76,51.4655,822.951,153.644,6.77266,0.00448434
778,75,399,76,235.809,828.985,162.748,8.9813,0.0205467
779,75,401,76,148.413,836.154,181.426,8.73016,0.0129317
780,75,403,76,475.553,841.36,164.338,19.7578,0.0414363
781,75,405,76,144.362,844.99,179.949,17.3806,0.0125787
782,75,410,77,3.07039,850.44,173.896,24.5964,0.000267532
783,75,412,77,29.8252,851.333,178.778,23.6306,0.00259876
784,75,1477,256,12.5069,840.629,146.552,25.5921,0.00108976
785,75,1586,276,36.3986,846.002,160.035,25.5921,0.00317151
786,75,1593,277,8.94077,850.982,172.535,25.5921,0.000779035
787,75,1595,277,11.8518,853.266,178.268,25.5921,0.00103268
788,76,892,143,90.5005,193.549,393.465,22.3752,0.0102732
789,76,899,144,137.323,209.789,386.041,22.3752,0.0155882
790,76,2040,343,99.2994,194.147,397.643,28.2384,0.011272
791,76,2047,344,361.85,209.724,393.357,31.9736,0.0410754
792,76,2051,344,72.5959,215.665,396.022,39.0609,0.00824073
793,76,2170,363,73.6486,195.044,401.977,34.4884,0.00836023
794,76,2174,363,33.8396,195.944,405.037,39.0609,0.0038413
795,76,2177,364,7.68524,201.457,400.666,36.6227,0.000872391
796,76,2181,364,29.0424,203.481,401.591,39.0609,0.00329676
797,77,1674,288,158.611,443.157,244.496,45.3438,0.00404662
798,77,1681,289,396.705,461.973,242.5,46.1873,0.0101211
799,77,1682,289,316.679,484.634,235.094,45.9227,0.0080794
800,77,1797,308,52.8822,444.192,252.146,47.377,0.00134918
801,77,1804,309,14.1631,453.289,250.925,47.7192,0.000361341
802,78,192,43,42.1686,171.176,147.218,11.7025,0.00145194
803,78,193,43,131.208,189.515,134.38,11.8591,0.00451772
804,78,196,43,6.58075,173.63,149.003,12.8088,0.000226587
805,78,197,43,323.546,187.5,143.957,14.372,0.0111403
806,78,200,44,0.000544212,200.007,128.799,12.4952,1.87382e-08
807,78,204,44,145.333,203.251,140.489,16.8478,0.00500408
808,78,308,63,48.9434,162.913,153.229,11.7025,0.00168521
809,78,312,63,241.927,170.389,160.761,15.7208,0.00832998
810,78,313,63,332.247,187.5,156.205,18.1664,0.0114398
811,78,320,64,8.08884,201.519,151.105,19.7464,0.000278513
812,79,629,108,73.8437,444.829,295.631,10.9926,0.00609841
813,79,633,108,112.609,447.029,289.671,15.953,0.00929989
814,79,636,109,0.0249847,450.055,299.927,12.459,2.06337e-06
815,79,640,109,257.825,453.813,292.178,19.5718,0.0212926
816,79,773,128,21.1728,448.386,302.137,9.9876,0.00174857
817,79,780,129,149.641,456.653,311.282,10.9926,0.0123581
818,79,782,129,76.4202,470.775,330.592,10.6465,0.00631119
819,79,783,129,70.4721,478.896,341.342,10.6465,0.00581997
820,79,784,129,467.812,467.256,312.102,18.3799,0.0386344
821,79,785,129,108.164,478.649,320.17,22.2998,0.0089328
822,79,786,129,31.9056,473.018,327.623,13.9665,0.00263494
823,79,787,129,342.058,483.095,333.067,18.3799,0.028249
824,79,1802,309,157.22,461.651,289.283,26.9898,0.0129841
825,79,1939,329,50.989,472.374,303.476,26.9898,0.00421095
826,79,1940,329,132.385,481.818,315.976,26.9898,0.0109331
827,79,1942,329,79.7743,492.745,330.438,26.9898,0.00658819
828,80,639,109,21.0356,498.85,270.664,19.5214,0.000693012
829,80,646,110,403.93,508.811,267.991,21.6034,0.0133074
830,80,647,110,191.615,537.5,271.4,23.7536,0.0063127
831,80,648,110,108.016,516.8,277.75,19.1519,0.00355855
832,80,649,110,327.397,539.711,282.246,20.2551,0.010786
833,80,654,111,10.3484,552.11,273.871,24.5944,0.000340926
834,80,656,111,24.991,551.323,278.944,22.7463,0.000823322
835,80,1685,290,78.5384,515.31,248.185,29.2155,0.00258743
836,80,1686,290,0.512986,525.565,249.811,29.8433,1.69002e-05
837,80,1808,310,229.29,514.242,254.916,26.761,0.00755388
838,80,1809,310,376.822,535.339,258.683,27.906,0.0124143
839,80,1816,311,99.7687,553.305,266.011,27.4545,0.00328685
840,81,733,121,0.0147099,99.9516,349.965,1.62457,1.78305e-06
841,81,740,122,3.06736,101.002,349.666,2.23908,0.000371808
842,81,864,140,113.111,46.4131,392.727,7.03891,0.0137106
843,81,868,140,36.3809,47.7446,398.058,15.4395,0.00440988
844,81,869,141,65.8842,71.758,372.656,4.70619,0.00798612
845,81,870,141,392.397,87.7413,362.674,6.8061,0.0475642
846,81,871,141,328.295,63.0548,381.284,7.82371,0.0397941
847,81,872,141,1.76726,75.531,375.384,11.9876,0.000214218
848,81,874,141,305.503,91.5349,368.88,18.75,0.0370314
849,81,875,141,433.944,60.9932,391.179,19.0416,0.0526003
850,81,876,141,145.62,79.0349,377.917,18.75,0.0176512
851,81,877,142,52.1495,101.974,353.055,7.70017,0.00632127
852,81,881,142,138.366,103.834,359.989,18.75,0.0167719
853,81,1026,160,17.8978,48.8562,401.937,21.6895,0.00216947
854,81,1033,161,17.1783,51.6554,401.197,23.4026,0.00208226
855,81,2022,341,9.52588,94.9424,371.344,25.3262,0.00115467
856,81,2023,341,18.5483,65.1521,392.88,25.3262,0.00224832
857,81,2024,341,14.0176,82.4424,380.38,25.3262,0.00169914
858,81,2029,342,9.4241,105.004,364.07,25.3262,0.00114234
859,81,2146,360,0.629759,49.6656,404.076,25.3262,7.63358e-05
860,81,2153,361,4.99524,52.6521,401.917,25.3262,0.000605496
861,82,1132,176,149.623,818.729,419.642,19.895,0.00788836
862,82,1133,176,110.273,830.466,421.13,23.1522,0.00581378
863,82,1134,176,70.9724,820.615,428.105,16.4916,0.00374178
864,82,1135,176,492.442,839.758,435.901,19.241,0.0259624
865,82,1142,177,244.03,857.804,443.702,21.6169,0.0128657
866,82,1202,196,3.32206,849.051,450.672,15.3299,0.000175144
867,82,1209,197,68.6389,855.337,452.417,16.6215,0.00361876
868,82,2266,376,7.23162,823.112,411.227,25.3946,0.000381263
869,82,2267,376,33.6354,833.782,418.782,25.3946,0.00177332
870,82,2269,376,14.2404,846.282,427.633,25.3946,0.000750776
871,82,2276,377,34.8952,859.111,436.716,25.3946,0.00183974
872,83,247,51,1.14952,599.624,149.548,17.9979,0.000110725
873,83,254,52,164.952,607.048,144.521,20.7987,0.0158886
874,83,377,71,270.032,592.705,161.769,20.7987,0.0260102
875,83,378,71,132.141,570.694,188.987,21.3367,0.0127282
876,83,379,71,112.386,578.663,179.404,21.3367,0.0108253
877,83,384,72,48.9365,602.452,152.949,22.8823,0.00471369
878,83,1451,252,160.537,619.127,146.287,32.4982,0.0154634
879,83,1452,252,5.63146e-05,625.002,146.184,37.497,5.42437e-09
880,83,1455,252,7.94613,623.929,148.712,38.3855,0.000765393
881,83,1456,252,2.27072,625.306,147.055,38.3855,0.000218722
882,83,1553,271,163.149,595.522,169.616,28.8666,0.0157149
883,83,1554,271,55.4054,573.075,196.29,28.6373,0.0053368
884,83,1555,271,466.308,586.137,185.861,32.4273,0.044916
885,83,1559,271,69.4325,590.639,188.743,38.3855,0.00668793
886,83,1560,272,381.043,606.046,161.769,32.32,0.0367031
887,83,1562,272,0.982458,600.347,175.418,37.1999,9.4633e-05
888,83,1564,272,77.1013,612.463,162.5,38.3855,0.0074266
889,83,1566,272,7.6688,601.034,176.243,38.3855,0.000738679
890,83,1691,291,1.59358,574.468,200.443,32.8222,0.000153498
891,83,1692,291,15.7473,576.926,201.174,35.4703,0.00151682
892,83,1696,291,11.9393,579.669,201.936,38.3855,0.00115003
893,84,26,5,104.646,295.009,40.3798,21.1422,0.011181
894,84,33,6,195.273,312.172,46.837,21.7618,0.020864
895,84,34,6,0.797614,325.515,49.7909,24.7467,8.52212e-05
896,84,107,26,66.8343,320.286,51.9142,19.603,0.00714093
897,84,108,26,261.31,335.309,56.2321,21.7618,0.0279197
898,84,115,27,19.9885,350.953,63.096,21.1422,0.00213568
899,84,1237,205,120.129,296.464,32.6255,31.25,0.0128352
900,84,1239,205,23.4016,298.156,23.1398,43.5721,0.00250035
901,84,1241,205,23.5367,297.542,26.4154,39.3023,0.00251478
902,84,1244,206,424.64,312.5,39.1371,31.25,0.0453708
903,84,1245,206,240.801,335.309,47.526,32.3072,0.0257284
904,84,1246,206,20.0934,302.585,23.9504,44.7684,0.00214688
905,84,1248,206,270.009,311.551,29.9914,41.861,0.0288492
906,84,1249,206,290.102,337.5,40.6035,41.7698,0.030996
907,84,1252,207,1.28338,350.653,49.7347,37.1787,0.000137123
908,84,1256,207,82.576,353.683,47.4392,41.4492,0.00882285
909,84,1319,226,183.839,342.182,53.1747,28.8454,0.0196423
910,84,1326,227,80.5085,352.318,54.4326,32.3072,0.00860195
911,84,1330,227,8.43239,355.318,50.63,38.3889,0.000900961
912,85,1970,332,200.408,641.782,344.968,42.905,0.00718084
913,85,1977,333,427.575,661.005,341.374,45.692,0.0153205
914,85,2106,352,219.023,620.566,364.728,45.2118,0.00784783
915,85,2107,352,485.041,633.578,360.098,46.3497,0.0173796
916,85,2108,352,5.57973,623.402,375.729,49.553,0.000199928
917,85,2109,352,0.415406,625.374,375.229,49.7944,1.48845e-05
918,85,2114,353,94.7232,655.65,353.46,48.6934,0.00339404
919,86,1013,159,299.688,964.044,368.299,4.07085,0.00634551
920,86,1014,159,263.25,983.502,367.415,7.82714,0.00557398
921,86,1015,159,514.531,964.896,387.5,3.89812,0.0108945
922,86,1016,159,480.432,984.434,387.5,7.65441,0.0101725
923,86,1152,179,367.885,965.937,409.943,3.7049,0.00778948
924,86,1153,179,384.445,985.395,409.06,7.4612,0.00814014
925,87,1677,289,219.142,465.019,245.223,33.8979,0.0158443
926,87,1678,289,4.62616,475.991,249.19,36.9977,0.000334479
927,87,1681,289,185.588,468.944,236.646,41.2102,0.0134183
928,87,1682,289,157.715,480.146,245.796,41.2102,0.0114031
929,87,1800,309,92.6616,470.565,253.623,31.4965,0.00669958
930,87,1801,309,390.33,486.712,263.144,33.7736,0.0282215
931,87,1803,309,31.0396,497.433,277.097,30.5495,0.00224422
932,87,1805,309,225.364,492.646,256.007,41.2102,0.0162942
933,87,1808,310,38.5097,502.859,272.664,36.0507,0.00278432
934,87,1810,310,80.7093,504.514,278.401,33.3297,0.00583541
935,87,1812,310,199.561,507.213,268.645,40.7515,0.0144286
936,87,1814,310,2.45149,510.068,275.456,37.9722,0.000177246
937,88,539,95,7.18347,798.854,248.616,1.9298,0.000127767
938,88,544,96,16.3533,821.964,223.911,2.15821,0.000290865
939,88,545,96,0.0742503,825.141,224.883,2.50188,1.32064e-06
940,88,546,96,447.765,813.454,239.17,2.51458,0.00796408
941,88,547,96,252.15,829.795,237.678,3.81827,0.00448482
942,88,683,115,127.696,796.271,257.228,2.32259,0.00227124
943,88,690,116,493.834,811.375,262.936,4.03432,0.00878348
944,88,691,116,29.4767,827.322,252.803,4.68626,0.000524282
945,88,692,116,4.49832,809.257,275.699,4.76395,8.00084e-05
946,89,74,22,8.49638,147.288,99.3717,9.6002,0.00043548
947,89,81,23,0.036269,150.126,99.9442,11.209,1.85896e-06
948,89,183,42,236.676,143.695,111.162,10.4566,0.0121308
949,89,184,42,12.9486,123.946,147.628,8.61164,0.000663677
950,89,185,42,232.359,130.957,138.577,10.167,0.0119095
951,89,187,42,94.1431,147.158,118.604,13.9789,0.00482529
952,89,189,42,323.505,142.78,136.427,15.822,0.0165812
953,89,190,43,7.59356,150.649,101.657,11.8773,0.000389206
954,89,194,43,202.152,153.475,112.358,15.822,0.0103613
955,89,196,43,13.0208,151.057,127.379,18.0367,0.000667379
956,89,300,62,61.9495,122.472,155.034,9.55712,0.00317521
957,89,301,62,37.2216,126.384,155.825,11.7755,0.00190779
958,89,305,62,186.56,133.134,156.93,15.5433,0.00956211
959,90,951,151,36.6414,555.069,395.469,10.9711,0.00434086
960,90,955,151,186.063,560.051,394.372,18.75,0.0220427
961,90,1088,171,101.087,563.487,412.5,10.9711,0.0119756
962,90,1090,171,43.6321,572.333,430.395,10.9711,0.00516903
963,90,1091,171,57.4548,578.512,442.895,10.9711,0.00680659
964,90,1092,171,372.882,569.284,413.127,18.6964,0.0441748
965,90,1093,171,40.3595,576.543,421.878,22.8273,0.00478133
966,90,1094,171,33.9909,573.584,427.865,14.4939,0.00402686
967,90,1095,171,373.466,581.997,438.671,18.8188,0.044244
968,90,1179,191,9.65034,582.613,451.193,10.9711,0.00114326
969,90,1183,191,8.96095,585.072,450.652,14.8104,0.00106159
970,90,2096,351,109.935,565.974,393.067,27.9979,0.0130238
971,90,2226,371,89.8179,572.2,405.664,27.9979,0.0106406
972,90,2227,371,108.402,578.379,418.164,27.9979,0.0128423
973,90,2229,371,179.058,587.339,436.292,27.9979,0.0212128
974,91,459,85,19.9232,294.444,249.214,5.31225,0.000393383
975,91,466,86,8.64088,301.645,248.711,5.39585,0.000170613
976,91,595,104,329.099,241.49,265.506,6.73538,0.00649803
977,91,597,104,246.879,242.741,283.35,9.65107,0.0048746
978,91,602,105,558.581,262.5,263.975,6.96881,0.0110291
979,91,603,105,628.309,286.667,260.236,6.91744,0.0124059
980,91,604,105,354.437,262.5,281.996,9.8845,0.00699833
981,91,605,105,264.786,287.5,280.226,10.1708,0.00522818
982,91,610,106,133.198,302.629,262.5,7.64934,0.00262999
983,91,612,106,62.447,303.781,279.055,10.3542,0.00123301
984,92,512,92,23.5073,623.47,222.961,11.1481,0.00153985
985,92,513,92,45.3457,627.951,216.99,11.1481,0.00297037
986,92,514,92,144.133,610.222,239.998,10.8803,0.00944147
987,92,516,92,0.431954,624.758,224.678,12.6398,2.82952e-05
988,92,517,92,149.399,634.692,222.492,17.4408,0.00978642
989,92,518,92,311.868,619.947,237.5,15.4251,0.0204289
990,92,519,92,335.417,630.434,237.5,21.4961,0.0219715
991,92,658,112,6.4038,603.406,250.744,11.6029,0.000419482
992,92,662,112,186.316,615.322,253.303,19.613,0.0122046
993,92,663,112,1.82049,625.496,250.661,24.355,0.000119251
994,93,44,8,34.5351,447.445,21.6402,5.63562,0.0006103
995,93,46,8,135.069,447.314,37.5,3.91672,0.00238692
996,93,51,9,162.678,464.991,21.8794,5.64109,0.00287482
997,93,52,9,0.107876,475.02,19.9368,5.86953,1.90637e-06
998,93,53,9,622.367,462.375,37.5,3.94366,0.0109984
999,93,120,28,41.0807,447.181,53.6223,2.16937,0.000725971
1000,93,127,29,184.52,462.24,53.7466,2.18284,0.00326082
1001,94,2060,345,11.8191,299.581,393.753,46.6802,0.000203099
1002,94,2065,346,152.337,312.828,371.888,47.7505,0.00261774
1003,94,2066,346,40.3051,328.893,372.425,49.2132,0.000692599
1004,94,2067,346,626.267,310.084,386.252,47.5887,0.0107617
1005,94,2068,346,170.323,328.392,387.5,49.2595,0.00292681
1006,94,2190,365,52.561,298.953,412.5,46.7373,0.000903202
1007,94,2192,365,41.8227,298.328,431.22,46.7945,0.000718677
1008,94,2197,366,627.585,312.5,412.5,47.968,0.0107844
1009,94,2198,366,128.263,327.555,412.5,49.3356,0.00220407
1010,94,2199,366,336.459,312.5,431.701,48.0849,0.00578167
1011,94,2200,366,54.628,326.894,432.176,49.3953,0.000938722
1012,95,859,139,40.2663,965.572,347.831,21.3925,0.00488972
1013,95,1012,158,169.999,945.787,390.842,21.3925,0.0206438
1014,95,1017,159,232.033,958.824,362.5,21.3925,0.0281767
1015,95,1019,159,62.0332,951.537,378.342,21.3925,0.00753296
1016,95,1149,178,68.6398,939.874,403.698,21.3925,0.00833523
1017,95,2014,339,29.4361,971.382,349.028,30.9474,0.00357455
1018,95,2015,339,0.263612,975.179,349.818,37.1974,3.20115e-05
1019,95,2019,339,0.181972,975.573,349.911,37.8527,2.20976e-05
1020,95,2132,358,76.2124,947.992,395.635,28.0161,0.00925481
1021,95,2137,359,401.807,967.25,360.129,32.4108,0.0487931
1022,95,2138,359,0.185237,975.099,350.215,37.3513,2.24942e-05
1023,95,2139,359,325.779,954.314,387.381,31.8097,0.0395608
1024,95,2141,359,200.736,970.832,365.938,41.805,0.0243762
1025,95,2142,359,66.8858,976.29,353.132,41.1556,0.00812223
1026,95,2143,359,276.893,960.913,387.5,41.805,0.0336243
1027,95,2283,378,147.888,946.231,404.954,31.8097,0.0179587
1028,95,2287,378,22.5487,949.008,409.766,39.3058,0.00273818
1029,95,2290,379,11.0896,950.766,401.665,36.3495,0.00134666
1030,95,2294,379,116.502,952.416,406.295,42.0275,0.0141474
1031,96,1997,337,110.727,893.617,321.479,35.0042,0.00709479
1032,96,1999,337,170.327,893.03,329.964,28.9976,0.0109136
1033,96,2001,337,128.286,894.202,313.486,40.6654,0.00821988
1034,96,2004,338,116.689,909.908,322.605,35.8094,0.00747679
1035,96,2006,338,279.634,909.321,331.09,29.8028,0.0179174
1036,96,2008,338,228.678,910.335,315.739,40.6654,0.0146524
1037,97,1489,262,83.7423,106.792,189.17,36.5043,0.00460319
1038,97,1493,262,286.861,113.783,188.679,40.7628,0.0157683
1039,97,1626,282,96.6573,110.101,212.5,36.5043,0.00531311
1040,97,1628,282,77.0435,113.288,234.963,36.5043,0.00423496
1041,97,1630,282,316.742,117.163,212.5,40.7628,0.0174108
1042,97,1632,282,224.396,120.838,233.555,41.1782,0.0123347
1043,97,1633,282,15.6319,125.642,238.756,43.6304,0.00085926
1044,98,804,132,26.6155,619.091,323.476,11.7197,0.00149105
1045,98,805,132,70.425,637.5,316.668,11.8054,0.00394535
1046,98,806,132,5.10451,615.416,325.565,12.1256,0.000285965
1047,98,808,132,9.05716,622.873,324.196,12.9666,0.000507401
1048,98,809,132,209.92,637.5,321.432,14.5705,0.0117602
1049,98,810,132,176.064,620.802,333.272,17.7799,0.00986347
1050,98,811,132,423.751,637.5,332.202,20.8205,0.0237394
1051,98,812,133,50.7823,659.014,308.539,11.8054,0.00284493
1052,98,816,133,410.873,663.685,318.581,18.6582,0.023018
1053,98,817,133,0.444887,675.178,324.528,24.6302,2.49235e-05
1054,98,818,133,145.82,662.5,327.478,23.5618,0.00816912
1055,98,819,133,0.0832,675.27,325.065,24.9617,4.66104e-06
1056,98,1965,332,2.64963,623.18,345.124,25.1795,0.000148438
1057,98,1966,332,18.1965,637.5,339.712,25.1795,0.0010194
1058,98,1973,333,18.1965,662.5,330.266,25.1795,0.0010194
1059,98,1974,333,0.470934,675.324,325.42,25.1795,2.63827e-05
1060,99,353,68,36.4431,448.433,170.921,20.076,0.00314026
1061,99,355,68,253.971,442.636,185.698,22.1442,0.0218844
1062,99,360,69,34.0034,451.7,171.708,23.232,0.00293004
1063,99,362,69,4.73545,450.648,176.164,24.4484,0.000408049
1064,99,484,88,85.3347,422.705,220.877,21.844,0.0073532
1065,99,485,88,173.372,429.662,208.377,21.844,0.0149393
1066,99,486,88,46.8928,419.15,227.266,21.844,0.0040407
1067,99,1531,268,179.798,446.01,192.83,28.3991,0.015493
1068,99,1536,269,45.0051,457.019,173.256,28.497,0.00387804
1069,99,1538,269,330.885,455.827,184.082,32.6147,0.028512
1070,99,1542,269,41.043,459.927,188.133,38.0274,0.00353663
1071,99,1667,288,0.981662,424.705,224.47,25.2512,8.45887e-05
1072,99,1668,288,502.183,437.803,213.045,30.9918,0.0432725
1073,99,1669,288,29.1587,423.708,228.649,26.3829,0.00251257
1074,99,1670,288,159.861,430.178,230.208,32.6329,0.013775
1075,99,1672,288,32.9083,444.704,215.485,38.0274,0.00283567
1076,99,1674,288,21.7957,435.901,231.302,38.0274,0.00187811
1077,99,1675,289,9.16805,450.901,201.619,36.7324,0.000790001
1078,99,1679,289,10.3226,451.661,202.985,38.0274,0.000889485
1079,100,341,67,187.5,399.9,162.5,8.75,0.03
1080,100,343,67,187.5,399.9,187.5,8.75,0.03
1081,100,345,67,312.5,399.9,162.5,18.75,0.05
1082,100,347,67,312.5,399.9,187.5,18.75,0.05
1083,100,473,87,187.5,399.9,212.5,8.75,0.03
1084,100,475,87,187.5,399.9,237.5,8.75,0.03
1085,100,477,87,312.5,399.9,212.5,18.75,0.05
1086,100,479,87,312.5,399.9,237.5,18.75,0.05
1087,100,619,107,187.5,399.9,262.5,8.75,0.03
1088,100,621,107,187.5,399.9,287.5,8.75,0.03
1089,100,623,107,312.5,399.9,262.5,18.75,0.05
1090,100,625,107,312.5,399.9,287.5,18.75,0.05
1091,100,765,127,187.5,399.9,312.5,8.75,0.03
1092,100,767,127,187.5,399.9,337.5,8.75,0.03
1093,100,769,127,312.5,399.9,312.5,18.75,0.05
1094,100,771,127,312.5,399.9,337.5,18.75,0.05
1095,100,1521,267,312.5,399.9,162.5,31.25,0.05
1096,100,1523,267,312.5,399.9,187.5,31.25,0.05
1097,100,1525,267,187.5,399.9,162.5,41.25,0.03
1098,100,1527,267,187.5,399.9,187.5,41.25,0.03
1099,100,1660,287,312.5,399.9,212.5,31.25,0.05
1100,100,1662,287,312.5,399.9,237.5,31.25,0.05
1101,100,1664,287,187.5,399.9,212.5,41.25,0.03
1102,100,1666,287,187.5,399.9,237.5,41.25,0.03
1103,100,1785,307,312.5,399.9,262.5,31.25,0.05
1104,100,1787,307,312.5,399.9,287.5,31.25,0.05
1105,100,1789,307,187.5,399.9,262.5,41.25,0.03
1106,100,1791,307,187.5,399.9,287.5,41.25,0.03
1107,100,1924,327,312.5,399.9,312.5,31.25,0.05
1108,100,1926,327,312.5,399.9,337.5,31.25,0.05
1109,100,1928,327,187.5,399.9,312.5,41.25,0.03
1110,100,1930,327,187.5,399.9,337.5,41.25,0.03
1111,101,364,70,187.5,500.1,162.5,8.75,0.03
1112,101,366,70,187.5,500.1,187.5,8.75,0.03
1113,101,368,70,312.5,500.1,162.5,18.75,0.05
1114,101,370,70,312.5,500.1,187.5,18.75,0.05
1115,101,496,90,187.5,500.1,212.5,8.75,0.03
1116,101,498,90,187.5,500.1,237.5,8.75,0.03
1117,101,500,90,312.5,500.1,212.5,18.75,0.05
1118,101,502,90,312.5,500.1,237.5,18.75,0.05
1119,101,642,110,187.5,500.1,262.5,8.75,0.03
1120,101,644,110,187.5,500.1,287.5,8.75,0.03
1121,101,646,110,312.5,500.1,262.5,18.75,0.05
1122,101,648,110,312.5,500.1,287.5,18.75,0.05
1123,101,788,130,187.5,500.1,312.5,8.75,0.03
1124,101,790,130,187.5,500.1,337.5,8.75,0.03
1125,101,792,130,312.5,500.1,312.5,18.75,0.05
1126,101,794,130,312.5,500.1,337.5,18.75,0.05
1127,101,1544,270,312.5,500.1,162.5,31.25,0.05
1128,101,1546,270,312.5,500.1,187.5,31.25,0.05
1129,101,1548,270,187.5,500.1,162.5,41.25,0.03
1130,101,1550,270,187.5,500.1,187.5,41.25,0.03
1131,101,1683,290,312.5,500.1,212.5,31.25,0.05
1132,101,1685,290,312.5,500.1,237.5,31.25,0.05
1133,101,1687,290,187.5,500.1,212.5,41.25,0.03
1134,101,1689,290,187.5,500.1,237.5,41.25,0.03
1135,101,1808,310,312.5,500.1,262.5,31.25,0.05
1136,101,1810,310,312.5,500.1,287.5,31.25,0.05
1137,101,1812,310,187.5,500.1,262.5,41.25,0.03
1138,101,1814,310,187.5,500.1,287.5,41.25,0.03
1139,101,1947,330,312.5,500.1,312.5,31.25,0.05
1140,101,1949,330,312.5,500.1,337.5,31.25,0.05
1141,101,1951,330,187.5,500.1,312.5,41.25,0.03
1142,101,1953,330,187.5,500.1,337.5,41.25,0.03
1143,102,380,72,187.5,600.1,162.5,8.75,0.03
1144,102,382,72,187.5,600.1,187.5,8.75,0.03
1145,102,384,72,312.5,600.1,162.5,18.75,0.05
1146,102,386,72,312.5,600.1,187.5,18.75,0.05
1147,102,512,92,187.5,600.1,212.5,8.75,0.03
1148,102,514,92,187.5,600.1,237.5,8.75,0.03
1149,102,516,92,312.5,600.1,212.5,18.75,0.05
1150,102,518,92,312.5,600.1,237.5,18.75,0.05
1151,102,658,112,187.5,600.1,262.5,8.75,0.03
1152,102,660,112,187.5,600.1,287.5,8.75,0.03
1153,102,662,112,312.5,600.1,262.5,18.75,0.05
1154,102,664,112,312.5,600.1,287.5,18.75,0.05
1155,102,804,132,187.5,600.1,312.5,8.75,0.03
1156,102,806,132,187.5,600.1,337.5,8.75,0.03
1157,102,808,132,312.5,600.1,312.5,18.75,0.05
1158,102,810,132,312.5,600.1,337.5,18.75,0.05
1159,102,1560,272,312.5,600.1,162.5,31.25,0.05
1160,102,1562,272,312.5,600.1,187.5,31.25,0.05
1161,102,1564,272,187.5,600.1,162.5,41.25,0.03
1162,102,1566,272,187.5,600.1,187.5,41.25,0.03
1163,102,1699,292,312.5,600.1,212.5,31.25,0.05
1164,102,1701,292,312.5,600.1,237.5,31.25,0.05
1165,102,1703,292,187.5,600.1,212.5,41.25,0.03
1166,102,1705,292,187.5,600.1,237.5,41.25,0.03
1167,102,1824,312,312.5,600.1,262.5,31.25,0.05
1168,102,1826,312,312.5,600.1,287.5,31.25,0.05
1169,102,1828,312,187.5,600.1,262.5,41.25,0.03
1170,102,1830,312,187.5,600.1,287.5,41.25,0.03
1171,102,1963,332,312.5,600.1,312.5,31.25,0.05
1172,102,1965,332,312.5,600.1,337.5,31.25,0.05
1173,102,1967,332,187.5,600.1,312.5,41.25,0.03
1174,102,1969,332,187.5,600.1,337.5,41.25,0.03
