x,y,z,P,Sw,Sg
25,25,12.5,200,0.2,0.05
75,25,12.5,199.999,0.2,0.05
125,25,12.5,199.995,0.2,0.0500002
175,25,12.5,199.989,0.2,0.0500005
225,25,12.5,199.943,0.2,0.0500028
275,25,12.5,199.743,0.2,0.0500129
325,25,12.5,199.342,0.2,0.0500329
375,25,12.5,198.924,0.2,0.0500538
425,25,12.5,199.279,0.2,0.0500361
475,25,12.5,199.275,0.2,0.0500363
525,25,12.5,198.809,0.2,0.0500596
575,25,12.5,198.703,0.2,0.0500649
625,25,12.5,198.473,0.2,0.0500764
675,25,12.5,199.29,0.2,0.0500355
725,25,12.5,199.793,0.2,0.0500104
775,25,12.5,199.954,0.2,0.0500023
825,25,12.5,199.991,0.2,0.0500004
875,25,12.5,199.999,0.2,0.0500001
925,25,12.5,200,0.2,0.05
975,25,12.5,200,0.2,0.05
25,75,12.5,200,0.2,0.05
75,75,12.5,199.999,0.2,0.0500001
125,75,12.5,199.991,0.2,0.0500004
175,75,12.5,199.965,0.2,0.0500017
225,75,12.5,199.81,0.2,0.0500095
275,75,12.5,199.314,0.2,0.0500343
325,75,12.5,197.7,0.2,0.0501151
375,75,12.5,194.686,0.2,0.0502664
425,75,12.5,196.782,0.2,0.0501612
475,75,12.5,196.965,0.2,0.050152
525,75,12.5,194.24,0.2,0.0502888
575,75,12.5,194.029,0.2,0.0502994
625,75,12.5,192.499,0.2,0.0503764
675,75,12.5,196.861,0.2,0.0501572
725,75,12.5,199.181,0.2,0.050041
775,75,12.5,199.831,0.2,0.0500084
825,75,12.5,199.97,0.2,0.0500015
875,75,12.5,199.995,0.2,0.0500002
925,75,12.5,199.999,0.2,0.05
975,75,12.5,200,0.2,0.05
25,125,12.5,199.999,0.2,0.05
75,125,12.5,199.994,0.2,0.0500003
125,125,12.5,199.967,0.2,0.0500017
175,125,12.5,199.862,0.2,0.0500069
225,125,12.5,199.303,0.2,0.0500349
275,125,12.5,197.413,0.2,0.0501295
325,125,12.5,189.354,0.2,0.050535
375,125,12.5,173.812,0.2,0.0513262
425,125,12.5,187.986,0.2,0.0506042
475,125,12.5,187.782,0.2,0.0506145
525,125,12.5,173.254,0.2,0.0513549
575,125,12.5,174.66,0.2,0.0512827
625,125,12.5,164.55,0.2,0.0518034
675,125,12.5,188.502,0.2,0.0505781
725,125,12.5,197.184,0.2,0.050141
775,125,12.5,199.449,0.2,0.0500276
825,125,12.5,199.908,0.2,0.0500046
875,125,12.5,199.985,0.2,0.0500007
925,125,12.5,199.998,0.2,0.0500001
975,125,12.5,200,0.2,0.05
25,175,12.5,199.999,0.2,0.0500001
75,175,12.5,199.99,0.2,0.0500005
125,175,12.5,199.944,0.2,0.0500028
175,175,12.5,199.724,0.2,0.0500138
225,175,12.5,198.657,0.2,0.0500672
275,175,12.5,193.961,0.2,0.0503029
325,175,12.5,171.272,0.2,0.0514567
375,175,12.5,106.19,0.2,0.0549033
425,175,12.5,165.361,0.2,0.0517614
475,175,12.5,165.002,0.2,0.05178
525,175,12.5,99.3883,0.2,0.0552776
575,175,12.5,127.17,0.2,0.053773
625,175,12.5,97.8086,0.2,0.055364
675,175,12.5,171.132,0.2,0.0514639
725,175,12.5,193.337,0.2,0.0503342
775,175,12.5,198.751,0.2,0.0500625
825,175,12.5,199.807,0.2,0.0500097
875,175,12.5,199.968,0.2,0.0500016
925,175,12.5,199.996,0.2,0.0500002
975,175,12.5,199.999,0.2,0.05
25,225,12.5,199.999,0.2,0.05
75,225,12.5,199.994,0.2,0.0500003
125,225,12.5,199.954,0.2,0.0500023
175,225,12.5,199.693,0.2,0.0500153
225,225,12.5,198.276,0.2,0.0500863
275,225,12.5,192.759,0.2,0.0503633
325,225,12.5,168.396,0.2,0.0516047
375,225,12.5,97.4865,0.2,0.0553837
425,225,12.5,158.46,0.2,0.0521194
475,225,12.5,156.441,0.2,0.0522246
525,225,12.5,90.6913,0.2,0.0557616
575,225,12.5,118.667,0.2,0.0542315
625,225,12.5,89.8374,0.2,0.055808
675,225,12.5,166.139,0.2,0.0517212
725,225,12.5,191.142,0.2,0.0504448
775,225,12.5,198.306,0.2,0.0500847
825,225,12.5,199.718,0.2,0.0500141
875,225,12.5,199.96,0.2,0.050002
925,225,12.5,199.995,0.2,0.0500003
975,225,12.5,199.999,0.2,0.05
25,275,12.5,199.999,0.2,0.05
75,275,12.5,199.995,0.2,0.0500002
125,275,12.5,199.962,0.2,0.0500019
175,275,12.5,199.731,0.2,0.0500134
225,275,12.5,198.347,0.2,0.0500827
275,275,12.5,192.856,0.2,0.0503584
325,275,12.5,169.449,0.2,0.0515505
375,275,12.5,98.8164,0.2,0.0553107
425,275,12.5,156.607,0.2,0.052216
475,275,12.5,149,0.2,0.0526143
525,275,12.5,93.8619,0.2,0.0555856
575,275,12.5,134.15,0.2,0.0533998
625,275,12.5,95.1963,0.2,0.0555112
675,275,12.5,159.009,0.2,0.052091
725,275,12.5,189.803,0.2,0.0505124
775,275,12.5,198.033,0.2,0.0500984
825,275,12.5,199.673,0.2,0.0500163
875,275,12.5,199.953,0.2,0.0500023
925,275,12.5,199.994,0.2,0.0500003
975,275,12.5,199.999,0.2,0.05
25,325,12.5,199.999,0.2,0.05
75,325,12.5,199.996,0.2,0.0500002
125,325,12.5,199.972,0.2,0.0500014
175,325,12.5,199.803,0.2,0.0500099
225,325,12.5,198.958,0.2,0.0500521
275,325,12.5,194.344,0.2,0.0502836
325,325,12.5,174.54,0.2,0.0512889
375,325,12.5,109.352,0.2,0.0547315
425,325,12.5,164.77,0.2,0.051792
475,325,12.5,157.264,0.2,0.0521818
525,325,12.5,107.46,0.2,0.0548357
575,325,12.5,144.958,0.2,0.052827
625,325,12.5,106.171,0.2,0.0549062
675,325,12.5,158.779,0.2,0.052103
725,325,12.5,190.062,0.2,0.0504993
775,325,12.5,198.124,0.2,0.0500939
825,325,12.5,199.697,0.2,0.0500152
875,325,12.5,199.956,0.2,0.0500022
925,325,12.5,199.994,0.2,0.0500003
975,325,12.5,199.999,0.2,0.05
25,375,12.5,199.999,0.2,0.05
75,375,12.5,199.996,0.2,0.0500002
125,375,12.5,199.986,0.2,0.0500007
175,375,12.5,199.913,0.2,0.0500043
225,375,12.5,199.552,0.2,0.0500224
275,375,12.5,197.804,0.2,0.0501099
325,375,12.5,191.404,0.2,0.0504316
375,375,12.5,177.393,0.2,0.0511429
425,375,12.5,184.611,0.2,0.0507752
475,375,12.5,174.264,0.2,0.0513031
525,375,12.5,167.889,0.2,0.0516309
575,375,12.5,173.901,0.2,0.0513217
625,375,12.5,173.799,0.2,0.0513269
675,375,12.5,186.656,0.2,0.0506715
725,375,12.5,195.99,0.2,0.0502009
775,375,12.5,199.164,0.2,0.0500418
825,375,12.5,199.856,0.2,0.0500072
875,375,12.5,199.977,0.2,0.0500012
925,375,12.5,199.997,0.2,0.0500002
975,375,12.5,200,0.2,0.05
25,425,12.5,200,0.2,0.05
75,425,12.5,199.999,0.2,0.05
125,425,12.5,199.996,0.2,0.0500002
175,425,12.5,199.973,0.2,0.0500014
225,425,12.5,199.852,0.2,0.0500074
275,425,12.5,199.27,0.2,0.0500365
325,425,12.5,197.559,0.2,0.0501222
375,425,12.5,195.2,0.2,0.0502406
425,425,12.5,195.918,0.2,0.0502045
475,425,12.5,193.505,0.2,0.0503258
525,425,12.5,191.672,0.2,0.0504181
575,425,12.5,189.081,0.2,0.0505488
625,425,12.5,193.119,0.2,0.0503452
675,425,12.5,196.474,0.2,0.0501766
725,425,12.5,198.579,0.2,0.0500711
775,425,12.5,199.716,0.2,0.0500142
825,425,12.5,199.948,0.2,0.0500026
875,425,12.5,199.985,0.2,0.0500007
925,425,12.5,199.998,0.2,0.0500001
975,425,12.5,200,0.2,0.05
25,475,12.5,200,0.2,0.05
75,475,12.5,200,0.2,0.05
125,475,12.5,199.999,0.2,0.0500001
175,475,12.5,199.992,0.2,0.0500004
225,475,12.5,199.96,0.2,0.050002
275,475,12.5,199.826,0.2,0.0500087
325,475,12.5,199.47,0.2,0.0500265
375,475,12.5,198.997,0.2,0.0500502
425,475,12.5,199.011,0.2,0.0500495
475,475,12.5,198.46,0.2,0.0500771
525,475,12.5,197.996,0.2,0.0501003
575,475,12.5,197.424,0.2,0.050129
625,475,12.5,198.344,0.2,0.0500828
675,475,12.5,199.179,0.2,0.0500411
725,475,12.5,199.676,0.2,0.0500162
775,475,12.5,199.922,0.2,0.0500039
825,475,12.5,199.983,0.2,0.0500009
875,475,12.5,199.996,0.2,0.0500002
925,475,12.5,199.999,0.2,0.05
975,475,12.5,200,0.2,0.05
25,25,37.5,200,0.2,0.05
75,25,37.5,200,0.2,0.05
125,25,37.5,199.998,0.2,0.0500001
175,25,37.5,199.991,0.2,0.0500005
225,25,37.5,199.948,0.2,0.0500026
275,25,37.5,199.731,0.2,0.0500134
325,25,37.5,199.211,0.2,0.0500395
375,25,37.5,199.009,0.2,0.0500496
425,25,37.5,199.334,0.2,0.0500333
475,25,37.5,199.304,0.2,0.0500348
525,25,37.5,198.83,0.2,0.0500585
575,25,37.5,198.762,0.2,0.0500619
625,25,37.5,198.605,0.2,0.0500698
675,25,37.5,199.376,0.2,0.0500312
725,25,37.5,199.806,0.2,0.0500097
775,25,37.5,199.956,0.2,0.0500022
825,25,37.5,199.991,0.2,0.0500004
875,25,37.5,199.999,0.2,0.0500001
925,25,37.5,200,0.2,0.05
975,25,37.5,200,0.2,0.05
25,75,37.5,200,0.2,0.05
75,75,37.5,199.999,0.2,0.05
125,75,37.5,199.993,0.2,0.0500003
175,75,37.5,199.974,0.2,0.0500013
225,75,37.5,199.858,0.2,0.0500071
275,75,37.5,199.374,0.2,0.0500313
325,75,37.5,197.87,0.2,0.0501066
375,75,37.5,195.298,0.2,0.0502356
425,75,37.5,196.981,0.2,0.0501512
475,75,37.5,196.859,0.2,0.0501573
525,75,37.5,194.301,0.2,0.0502857
575,75,37.5,194.274,0.2,0.0502871
625,75,37.5,193.156,0.2,0.0503433
675,75,37.5,197.261,0.2,0.0501371
725,75,37.5,199.237,0.2,0.0500382
775,75,37.5,199.84,0.2,0.050008
825,75,37.5,199.966,0.2,0.0500017
875,75,37.5,199.995,0.2,0.0500003
925,75,37.5,199.999,0.2,0.05
975,75,37.5,200,0.2,0.05
25,125,37.5,200,0.2,0.05
75,125,37.5,199.998,0.2,0.0500001
125,125,37.5,199.984,0.2,0.0500008
175,125,37.5,199.915,0.2,0.0500042
225,125,37.5,199.498,0.2,0.0500251
275,125,37.5,197.689,0.2,0.0501157
325,125,37.5,190.818,0.2,0.0504611
375,125,37.5,176.337,0.2,0.0511969
425,125,37.5,188.204,0.2,0.0505932
475,125,37.5,187.364,0.2,0.0506357
525,125,37.5,173.463,0.2,0.0513441
575,125,37.5,175.52,0.2,0.0512386
625,125,37.5,167.707,0.2,0.0516403
675,125,37.5,189.399,0.2,0.0505328
725,125,37.5,197.192,0.2,0.0501406
775,125,37.5,199.437,0.2,0.0500281
825,125,37.5,199.904,0.2,0.0500048
875,125,37.5,199.986,0.2,0.0500007
925,125,37.5,199.998,0.2,0.0500001
975,125,37.5,200,0.2,0.05
25,175,37.5,199.999,0.2,0.05
75,175,37.5,199.996,0.2,0.0500002
125,175,37.5,199.968,0.2,0.0500016
175,175,37.5,199.79,0.2,0.0500105
225,175,37.5,198.725,0.2,0.0500638
275,175,37.5,194.303,0.2,0.0502856
325,175,37.5,173.129,0.2,0.0513613
375,175,37.5,105.847,0.2,0.0549221
425,175,37.5,164.238,0.2,0.0518195
475,175,37.5,161.776,0.2,0.0519471
525,175,37.5,99.8369,0.2,0.0552532
575,175,37.5,128.201,0.2,0.0537178
625,175,37.5,102.52,0.2,0.0551055
675,175,37.5,173.975,0.2,0.0513179
725,175,37.5,192.399,0.2,0.0503815
775,175,37.5,198.621,0.2,0.050069
825,175,37.5,199.785,0.2,0.0500108
875,175,37.5,199.969,0.2,0.0500015
925,175,37.5,199.996,0.2,0.0500002
975,175,37.5,199.999,0.2,0.05
25,225,37.5,199.999,0.2,0.05
75,225,37.5,199.995,0.2,0.0500003
125,225,37.5,199.958,0.2,0.0500021
175,225,37.5,199.695,0.2,0.0500152
225,225,37.5,198.055,0.2,0.0500973
275,225,37.5,193.086,0.2,0.0503468
325,225,37.5,167.547,0.2,0.0516485
375,225,37.5,94.9137,0.2,0.0555252
425,225,37.5,151.883,0.2,0.052463
475,225,37.5,145.094,0.2,0.0528198
525,225,37.5,90.9168,0.2,0.0557496
575,225,37.5,125.206,0.2,0.0538788
625,225,37.5,93.5443,0.2,0.0556029
675,225,37.5,168.306,0.2,0.0516094
725,225,37.5,191.437,0.2,0.0504299
775,225,37.5,198.346,0.2,0.0500828
825,225,37.5,199.731,0.2,0.0500135
875,225,37.5,199.962,0.2,0.0500019
925,225,37.5,199.995,0.2,0.0500002
975,225,37.5,199.999,0.2,0.05
25,275,37.5,199.999,0.2,0.05
75,275,37.5,199.995,0.2,0.0500002
125,275,37.5,199.964,0.2,0.0500018
175,275,37.5,199.745,0.2,0.0500128
225,275,37.5,198.432,0.2,0.0500785
275,275,37.5,192.716,0.2,0.0503655
325,275,37.5,167.075,0.2,0.0516729
375,275,37.5,97.8163,0.2,0.0553658
425,275,37.5,154.267,0.2,0.0523382
475,275,37.5,134.036,0.2,0.0534061
525,275,37.5,95.7267,0.2,0.0554827
575,275,37.5,135.989,0.2,0.0533019
625,275,37.5,96.2036,0.2,0.0554557
675,275,37.5,166.648,0.2,0.0516949
725,275,37.5,191.43,0.2,0.0504303
775,275,37.5,198.106,0.2,0.0500948
825,275,37.5,199.695,0.2,0.0500152
875,275,37.5,199.957,0.2,0.0500021
925,275,37.5,199.994,0.2,0.0500003
975,275,37.5,199.999,0.2,0.05
25,325,37.5,200,0.2,0.05
75,325,37.5,199.996,0.2,0.0500002
125,325,37.5,199.974,0.2,0.0500013
175,325,37.5,199.824,0.2,0.0500088
225,325,37.5,198.919,0.2,0.0500541
275,325,37.5,194.204,0.2,0.0502906
325,325,37.5,173.854,0.2,0.0513241
375,325,37.5,109.241,0.2,0.0547376
425,325,37.5,165.256,0.2,0.0517668
475,325,37.5,158.155,0.2,0.0521354
525,325,37.5,107.404,0.2,0.0548389
575,325,37.5,147.966,0.2,0.0526685
625,325,37.5,109.002,0.2,0.0547511
675,325,37.5,166.803,0.2,0.051687
725,325,37.5,192.259,0.2,0.0503885
775,325,37.5,198.391,0.2,0.0500805
825,325,37.5,199.74,0.2,0.050013
875,325,37.5,199.964,0.2,0.0500018
925,325,37.5,199.994,0.2,0.0500003
975,325,37.5,199.999,0.2,0.05
25,375,37.5,200,0.2,0.05
75,375,37.5,199.997,0.2,0.0500001
125,375,37.5,199.987,0.2,0.0500007
175,375,37.5,199.914,0.2,0.0500043
225,375,37.5,199.551,0.2,0.0500224
275,375,37.5,197.793,0.2,0.0501105
325,375,37.5,191.276,0.2,0.050438
375,375,37.5,176.157,0.2,0.0512061
425,375,37.5,185.003,0.2,0.0507553
475,375,37.5,172.026,0.2,0.051418
525,375,37.5,162.544,0.2,0.0519074
575,375,37.5,175.093,0.2,0.0512605
625,375,37.5,172.941,0.2,0.051371
675,375,37.5,186.646,0.2,0.050672
725,375,37.5,196.577,0.2,0.0501715
775,375,37.5,199.29,0.2,0.0500355
825,375,37.5,199.878,0.2,0.0500061
875,375,37.5,199.981,0.2,0.0500009
925,375,37.5,199.997,0.2,0.0500001
975,375,37.5,199.999,0.2,0.05
25,425,37.5,200,0.2,0.05
75,425,37.5,199.998,0.2,0.0500001
125,425,37.5,199.995,0.2,0.0500003
175,425,37.5,199.963,0.2,0.0500019
225,425,37.5,199.859,0.2,0.0500071
275,425,37.5,199.342,0.2,0.0500329
325,425,37.5,197.629,0.2,0.0501187
375,425,37.5,194.845,0.2,0.0502584
425,425,37.5,194.738,0.2,0.0502638
475,425,37.5,188.984,0.2,0.0505538
525,425,37.5,190.186,0.2,0.050493
575,425,37.5,190.774,0.2,0.0504633
625,425,37.5,190.068,0.2,0.050499
675,425,37.5,196.255,0.2,0.0501876
725,425,37.5,198.916,0.2,0.0500542
775,425,37.5,199.769,0.2,0.0500116
825,425,37.5,199.956,0.2,0.0500022
875,425,37.5,199.99,0.2,0.0500005
925,425,37.5,199.999,0.2,0.0500001
975,425,37.5,200,0.2,0.05
25,475,37.5,200,0.2,0.05
75,475,37.5,200,0.2,0.05
125,475,37.5,199.999,0.2,0.0500001
175,475,37.5,199.991,0.2,0.0500004
225,475,37.5,199.963,0.2,0.0500019
275,475,37.5,199.838,0.2,0.0500081
325,475,37.5,199.463,0.2,0.0500269
375,475,37.5,198.817,0.2,0.0500592
425,475,37.5,198.637,0.2,0.0500682
475,475,37.5,197.506,0.2,0.0501248
525,475,37.5,197.639,0.2,0.0501182
575,475,37.5,197.773,0.2,0.0501115
625,475,37.5,197.845,0.2,0.0501078
675,475,37.5,199.071,0.2,0.0500465
725,475,37.5,199.714,0.2,0.0500143
775,475,37.5,199.935,0.2,0.0500032
825,475,37.5,199.981,0.2,0.0500009
875,475,37.5,199.997,0.2,0.0500002
925,475,37.5,200,0.2,0.05
975,475,37.5,200,0.2,0.05
